Date,Tweet,Ticker,Score
2020-04-09,credit suisse group cuts systems target abivcngaai,CSCO,-0.8408507108688354
2020-04-10,systems rating reiterated barclays,CSCO,0.2664966881275177
2020-04-10,options flow grid update optionstrading thursday stockmarket stockstotrade stockpicks stocktrading stockstotrade stockstowatch seoxmhlrut,CSCO,-0.9663704633712769
2020-04-13,updated analysis systems intrinsic value analysis dividends technology valueinvesting marginofsafety intrinsicvalue dividend aaamportfolios,CSCO,0.0911790430545806
2020-04-13,options flow grid update optionstrading stockmarket stockstotrade stocktrading stockstowatch technology communication equipment finance stockmarketnews financial networking,CSCO,-0.9503774642944336
2020-04-14,systems given target partners,CSCO,0.2273854911327362
2020-04-14,expected systems quarter,CSCO,0.1324923485517501
2020-04-16,systems sees significant decrease short interest,CSCO,-1.0310673713684082
2020-04-16,research analysts recent ratings changes systems,CSCO,0.1097208559513092
2020-04-16,analysts expect systems announce sales billion,CSCO,0.1041339039802551
2020-04-17,first informative pivot points close pivot point download free tradingview stockstowatch,CSCO,0.8949105739593506
2020-04-17,systems earns sector weight rating keycorp qkotppqjoz,CSCO,0.2484187334775924
2020-04-17,intermed downtrend longerterm combo chart,CSCO,-1.073534607887268
2020-04-19,systems given average rating analysts,CSCO,0.8586655855178833
2020-04-21,intermed downtrend longerterm combo chart,CSCO,-1.073534607887268
2020-04-22,cont downtrend longerterm combo chart,CSCO,-1.078945517539978
2020-04-22,options flow grid update optionstrading stockmarket stockstotrade stocktrading stockstowatch technology communication equipment finance stockmarketnews financial networking,CSCO,0.9255739450454712
2020-04-22,intermed downtrend longerterm combo chart,CSCO,-1.073534607887268
2020-04-23,options flow grid update optionstrading stockmarket stockstotrade stocktrading stockstowatch technology communication equipment finance stockmarketnews financial networking,CSCO,-0.9339883327484132
2020-04-26,ended friday current dividend yield current marketcap current earnings stockmarketnews stockmarket investingnews,CSCO,0.7692475318908691
2020-04-29,company technical analysis score update score options power chart stockmarket,CSCO,0.3728152811527252
2020-05-06,systems release earnings wednesday,CSCO,0.0541230589151382
2020-05-28,systems good technical analysis score score breakdown categories candle score excellent moving average score good momentum score weak stockmarket,CSCO,0.9277870655059814
2020-05-28,good technical analysis score score breakdown categories candle score excellent moving average score good momentum score weak stockmarket yswjdhcemv,CSCO,0.9502272605895996
2020-05-28,options flow grid update optionstrading optionsflow stockmarket,CSCO,0.1763704568147659
2020-05-28,systems company profile fundamental technical analysis score update score score stockmarket,CSCO,0.0619702637195587
2020-05-29,systems good fundamental analysis score score check various indicators value score chart roic gross margin ebitda stockmarket,CSCO,0.9698784351348876
2020-05-29,pullback downtrend longerterm combo chart,CSCO,-1.0509556531906128
2020-05-29,expands into software thousandeyes acquisition themotleyfool,CSCO,0.1284396350383758
2020-05-29,good technical analysis score score breakdown categories candle score excellent moving average score good momentum score weak stockmarket,CSCO,0.9502272605895996
2020-05-29,mardermarket lesson chart taught than perhaps career passed breakout,CSCO,0.6155261993408203
2020-05-31,updated analysis systems intrinsic value analysis dividends technology valueinvesting marginofsafety intrinsicvalue dividend aaamportfolios,CSCO,0.0911790430545806
2020-06-01,options maxpain chart open interest chart update optionstrading optionsflow stockmarket gdpbugusvp,CSCO,0.4001843333244324
2020-06-01,good technical analysis score score breakdown categories candle score neutral moving average score good momentum score excellent stockmarket,CSCO,0.9619665145874025
2020-06-01,options maxpain chart open interest chart update optionstrading optionsflow stockmarket,CSCO,0.4001843333244324
2020-06-01,pullback downtrend longerterm combo chart,CSCO,-1.0509556531906128
2020-06-02,cheap tech themotleyfool cxirqwmkst,CSCO,0.9833056926727296
2020-06-04,systems good fundamental analysis score score check various indicators value score chart roic gross margin ebitda stockmarket fldiscclpe,CSCO,0.9698784351348876
2020-06-04,pullback downtrend longerterm combo chart,CSCO,-1.0509556531906128
2020-06-07,pullback downtrend longerterm combo chart nfwdckynml,CSCO,-1.0509556531906128
2020-06-08,systems given average rating hold brokerages,CSCO,0.0323892310261726
2020-06-10,systems downgraded robert baird,CSCO,-1.0170962810516355
2020-06-10,bunch haters wall street telling company clean balance sheet specializes networking poorly corona baird,CSCO,-0.5659672021865845
2020-06-10,systems options maxpain chart open interest chart update optionstrading optionsflow stockmarket,CSCO,0.2976769804954529
2020-06-11,alert systems alert type percent change value dividend visit custom alerts,CSCO,-0.077805645763874
2020-06-13,options flow grid update optionstrading optionsflow stockmarket,CSCO,0.8411773443222046
2020-06-15,systems good technical analysis score score breakdown categories candle score excellent moving average score good momentum score weak stockmarket,CSCO,0.9262310266494752
2020-06-15,resume downtrend pullback longerterm combo chart,CSCO,-1.0760241746902466
2020-06-15,systems research analysts ratings updates,CSCO,0.0754761919379234
2020-06-15,options maxpain chart open interest chart update optionstrading optionsflow stockmarket zysrfkrkvw,CSCO,0.4001843333244324
2020-06-15,systems sells,CSCO,-0.8002117872238159
2020-06-16,resume downtrend pullback longerterm combo chart,CSCO,-1.0760241746902466
2020-06-16,options flow grid update optionstrading optionsflow stockmarket menxmdvbib,CSCO,0.837568998336792
2020-06-16,long based article takes lesson coronavirus pandemic solutions remote work learning pool poolsapp finance fintwit,CSCO,0.8501313924789429
2020-06-16,systems raised bank america,CSCO,0.9183765649795532
2020-06-17,options flow grid update optionstrading optionsflow stockmarket,CSCO,0.182256281375885
2020-06-17,options flow grid update optionstrading optionsflow stockmarket xsiblzifro,CSCO,0.1534685939550399
2020-06-17,poolsapp long based article takes lesson coronavirus pandemic solutions,CSCO,0.635290265083313
2020-06-18,options flow grid update optionstrading optionsflow stockmarket,CSCO,-0.9209921360015868
2020-06-18,options maxpain chart open interest chart update optionstrading optionsflow optionstrade optiontrading stockmarket invest,CSCO,0.4893059730529785
2020-06-18,resume downtrend pullback longerterm combo chart,CSCO,-1.0760241746902466
2020-06-18,options flow grid update optionstrading optionsflow stockmarket zybsonnjbs,CSCO,0.2942749559879303
2020-06-18,options maxpain chart open interest chart update optionstrading optionsflow stockmarket pccghefgmx,CSCO,0.4001843333244324
2020-06-18,prat bhatt sells systems rtzrfexiis,CSCO,-0.7101556062698364
2020-06-19,options maxpain chart open interest chart update optionstrading optionsflow stockmarket mogmgmkrqn,CSCO,0.4001843333244324
2020-06-19,resume downtrend pullback longerterm combo chart,CSCO,-1.0760241746902466
2020-06-20,detected noticeable rise zeitgeist systems visit dataswarm information nasdaq dataswarm,CSCO,0.9969624280929564
2020-06-22,systems weak technical analysis score score breakdown categories candle score weak moving average score good momentum score weak stockmarket,CSCO,-1.0227524042129517
2020-06-22,systems expected announce earnings,CSCO,0.4355888962745666
2020-06-22,detected noticeable fall zeitgeist systems visit dataswarm information nasdaq dataswarm,CSCO,-0.9929369688034058
2020-06-23,options flow grid update optionstrading optionsflow stockmarket,CSCO,0.7311481237411499
2020-06-24,company profile fundamental technical analysis score update score score stockmarket invest,CSCO,0.0455949269235134
2020-06-24,options flow grid update optionstrading optionsflow stockmarket jtshqlloce,CSCO,0.1688230782747268
2020-06-24,company profile fundamental technical analysis score update score score stockmarket invest eddijlfrzo,CSCO,0.0455949269235134
2020-06-24,options power options maxpain chart open interest chart update optionstrading optionsflow stockmarket,CSCO,0.4706422090530395
2020-06-24,minteractapp systems good technical analysis score score breakdown categories candle score excellent,CSCO,0.9561760425567628
2020-06-24,systems good technical analysis score score breakdown categories candle score excellent moving average score good momentum score weak stockmarket,CSCO,0.9150468111038208
2020-06-26,fundamental technical analysis score update score score stockmarket invest,CSCO,0.0706305503845214
2020-06-27,upcoming dividend alert systems date dividend amount dividend visit custom alerts,CSCO,0.0994629561901092
2020-06-27,options flow grid update optionstrading optionsflow stockmarket,CSCO,0.8364819288253784
2020-06-28,bull flag broke friday notice large volume confirming move entry break friday high around stop fall back into flag targets aths chartpatterns stockstowatch stockstotrade chart stocktrading,CSCO,0.8062129020690918
2020-06-29,seekingalpha cheaply valued bfsfmvivah economy,CSCO,0.7092591524124146
2020-06-29,cheaply valued bfsfmvivah economy,CSCO,-0.4310369193553924
2020-06-29,stplsstrdr bull flag broke friday notice large volume confirming move entry break friday high,CSCO,0.9039868116378784
2020-06-30,options flow grid update optionstrading optionsflow stockmarket,CSCO,0.7173796892166138
2020-06-30,systems neutral technical analysis score score breakdown categories candle score good moving average score good momentum score weak stockmarket,CSCO,0.2381505072116851
2020-06-30,options flow grid update optionstrading optionsflow stockmarket,CSCO,0.8277778625488281
2020-06-30,only dowjones djia fell falling indices stockmarket,CSCO,-1.0143567323684692
2020-07-01,options flow grid update optionstrading optionsflow stockmarket,CSCO,0.2068617492914199
2020-07-01,pullback downtrend longerterm combo chart yhrkiqagma,CSCO,-1.0509556531906128
2020-07-02,systems options maxpain chart open interest chart update optionstrading optionsflow optionstrade optiontrading stockmarket invest,CSCO,0.4605097472667694
2020-07-02,systems weak technical analysis score score breakdown categories candle score poor moving average score good momentum score weak stockmarket vpjwjpgkmr,CSCO,-1.0376944541931152
2020-07-02,weak technical analysis score score breakdown categories candle score poor moving average score good momentum score weak stockmarket,CSCO,-1.0480445623397827
2020-07-02,minteractapp options flow grid update optionstrading optionsflow stockmarket,CSCO,0.1716559827327728
2020-07-02,options flow grid update optionstrading optionsflow stockmarket,CSCO,0.1466404795646667
2020-07-02,options flow grid update optionstrading optionsflow stockmarket,CSCO,0.1685674041509628
2020-07-02,options maxpain chart open interest chart update optionstrading optionsflow stockmarket,CSCO,0.4001843333244324
2020-07-02,options flow grid update optionstrading optionsflow stockmarket,CSCO,-0.9244438409805298
2020-07-03,options power options maxpain chart open interest chart update optionstrading optionsflow stockmarket,CSCO,0.4706422090530395
2020-07-03,systems weak technical analysis score score breakdown categories candle score poor moving average score good momentum score weak stockmarket,CSCO,-1.031579852104187
2020-07-03,systems weak technical analysis score score breakdown categories candle score poor moving average score good momentum score weak stockmarket,CSCO,-1.0376944541931152
2020-07-06,pullback downtrend longerterm combo chart,CSCO,-1.0509556531906128
2020-07-06,systems weak technical analysis score score breakdown categories candle score poor moving average score good momentum score weak stockmarket,CSCO,-1.0376944541931152
2020-07-06,options flow grid update optionstrading optionsflow stockmarket,CSCO,0.8174909353256226
2020-07-07,iocharts increasing dividends years business growing rapidly line,CSCO,0.949937343597412
2020-07-07,optionsprovol options flow grid update optionstrading optionsflow stockmarket,CSCO,0.213626891374588
2020-07-07,options flow grid update optionstrading optionsflow stockmarket euseeiihlp,CSCO,0.1386977136135101
2020-07-07,systems good fundamental analysis score score check various indicators value score chart roic gross margin ebitda stockmarket,CSCO,0.970633029937744
2020-07-07,systems neutral technical analysis score score breakdown categories candle score neutral moving average score good momentum score good stockmarket,CSCO,0.9589624404907228
2020-07-07,options flow grid update optionstrading optionsflow stockmarket,CSCO,0.1646209359169006
2020-07-07,options flow grid update optionstrading optionsflow stockmarket,CSCO,0.1386977136135101
2020-07-07,pullback downtrend longerterm combo chart,CSCO,-1.0509556531906128
2020-07-07,increasing dividends years business growing rapidly line growth rate buying full profile fintwit dividendinvesting valueinvesting stockcharts,CSCO,0.9649333953857422
2020-07-07,systems options maxpain chart open interest chart update optionstrading optionsflow optionstrade optiontrading stockmarket invest,CSCO,0.4605097472667694
2020-07-07,options flow grid update optionstrading optionsflow stockmarket,CSCO,0.8362579345703125
2020-07-08,options flow grid update optionstrading optionsflow stockmarket,CSCO,0.6894562244415283
2020-07-08,systems weak technical analysis score score breakdown categories candle score poor moving average score good momentum score weak stockmarket,CSCO,-1.031579852104187
2020-07-09,systems neutral technical analysis score score breakdown categories candle score excellent moving average score good momentum score weak stockmarket uxnznpxppo,CSCO,0.7236685752868652
2020-07-09,optionsmaxpain options flow grid update optionstrading optionsflow stockmarke,CSCO,0.8496448993682861
2020-07-09,options flow grid update optionstrading optionsflow stockmarket,CSCO,0.8478926420211792
2020-07-09,systems good fundamental analysis score score check various indicators value score chart roic gross margin ebitda stockmarket iwzsymrtya iyhaonxukv,CSCO,0.970633029937744
2020-07-09,unusualoa date time ticker strike spot contracts premium,CSCO,0.0049173235893249
2020-07-09,options flow grid update optionstrading optionsflow stockmarket asphtgednr,CSCO,0.8299760818481445
2020-07-09,systems lifted overweight morgan stanley,CSCO,-0.2448772490024566
2020-07-09,systems weak technical analysis score score breakdown categories candle score poor moving average score good momentum score weak stockmarket yygtclwkxa,CSCO,-1.0376944541931152
2020-07-10,options power options maxpain chart open interest chart update optionstrading optionsflow stockmarket,CSCO,0.4706422090530395
2020-07-10,options flow grid update optionstrading optionsflow stockmarket,CSCO,0.1816592961549759
2020-07-10,systems options maxpain chart open interest chart update optionstrading optionsflow optionstrade optiontrading stockmarket invest,CSCO,0.3688992261886596
2020-07-10,systems options maxpain chart open interest chart update optionstrading optionsflow optionstrade optiontrading stockmarket invest,CSCO,0.3688992261886596
2020-07-10,systems rating lowered barclays,CSCO,-0.9725245237350464
2020-07-10,pullback downtrend longerterm combo chart,CSCO,-1.0509556531906128
2020-07-10,detected noticeable rise zeitgeist systems visit dataswarm information nasdaq dataswarm,CSCO,0.9967331886291504
2020-07-10,systems options maxpain chart open interest chart update optionstrading optionsflow optionstrade optiontrading stockmarket invest dbigaoiphw,CSCO,0.4605097472667694
2020-07-11,systems excellent technical analysis score score breakdown categories candle score excellent moving average score good momentum score good stockmarket ljdknqkmim,CSCO,0.9657770395278932
2020-07-13,systems neutral technical analysis score score breakdown categories candle score neutral moving average score good momentum score neutral stockmarket,CSCO,0.9330968856811525
2020-07-13,options flow grid update optionstrading optionsflow stockmarket gbcwccqxkt ashkspooqi,CSCO,0.2984758019447326
2020-07-13,systems options maxpain chart open interest chart update optionstrading optionsflow optionstrade optiontrading stockmarket invest,CSCO,0.3688992261886596
2020-07-13,systems neutral technical analysis score score breakdown categories candle score neutral moving average score good momentum score neutral stockmarket,CSCO,0.9330968856811525
2020-07-14,systems good fundamental analysis score score check various indicators value score chart roic gross margin ebitda stockmarket,CSCO,0.9689338207244872
2020-07-14,options flow grid update optionstrading optionsflow stockmarket,CSCO,0.7150019407272339
2020-07-14,options flow grid update optionstrading optionsflow stockmarket,CSCO,0.7134017944335938
2020-07-14,systems neutral technical analysis score score breakdown categories candle score weak moving average score good momentum score neutral stockmarket,CSCO,-0.2853399217128753
2020-07-14,options flow grid update optionstrading optionsflow stockmarket,CSCO,0.701825737953186
2020-07-14,systems options maxpain chart open interest chart update optionstrading optionsflow optionstrade optiontrading stockmarket invest,CSCO,0.3688992261886596
2020-07-14,systems options maxpain chart open interest chart update optionstrading optionsflow optionstrade optiontrading stockmarket invest,CSCO,0.3688992261886596
2020-07-15,options flow grid update optionstrading optionsflow stockmarket jqemwclhvj,CSCO,0.1739037185907364
2020-07-15,systems neutral technical analysis score score breakdown categories candle score neutral moving average score good momentum score neutral stockmarket,CSCO,0.9330968856811525
2020-07-15,systems good fundamental analysis score score check various indicators value score chart roic gross margin ebitda stockmarket,CSCO,0.9689338207244872
2020-07-15,options maxpain chart open interest chart update optionstrading optionsflow stockmarket,CSCO,0.4001843333244324
2020-07-15,options flow grid update optionstrading optionsflow stockmarket jnvbyvmcim,CSCO,0.7213132381439209
2020-07-16,financialmovers liked liked,CSCO,0.922067642211914
2020-07-16,chase lowers systems neutral trltqpitwi,CSCO,-0.2249017506837844
2020-07-16,entry signal time bats asset systems direction short timeframe minute pips points gained percentage move subscribe signals vnnxhevkeu nasdaq,CSCO,0.941874623298645
2017-01-31,gemalto joins boschglobal bnymellon foxconn team blockchain,CSCO,0.0
2017-02-28,lucrobalo malhoit good idea,CSCO,0.475
2017-02-28,citi research citi foundation takes pulse young people cities,CSCO,0.0666666666666666
2017-03-31,sportsnation looking team race east toyota pulseofthenation poll results kgeb,CSCO,0.0
2017-04-28,mangolassiit starwindsan building virtual infrastructure vmware starwind vsan,CSCO,0.0
2017-04-28,check cute multi color cottage little bear resin photo frame photos ebay,CSCO,0.1755952380952381
2017-05-31,check intex pool float color island open pool outdoor ebay,CSCO,0.0
2017-06-01,nissan gleaming,CSCO,0.0
2017-06-30,pick nbadraft markellef jimmykimmellive iamguillermo,CSCO,0.625
2017-06-30,reaches customers integration webex handle competition video ucoms nzkgwlhzmy,CSCO,0.0
2017-06-30,reuters despite hacking charges tech industry fought keep ties russia service,CSCO,0.0
2017-07-31,half gallons szechuansauce stuck retweet respond bring them present before,CSCO,0.0
2017-07-31,members niglobal present webinar network readiness august iiconsortium iicseries,CSCO,0.0
2017-08-31,reuters harvey moves into louisiana least dead missing flitteronfraud,CSCO,0.0
2017-08-31,reuters russia gears major games neighbors watch unease,CSCO,0.25
2017-08-31,never late karan capoor company culture brought inner inventor,CSCO,-0.3
2017-08-31,texastechfb truck loaded water thanks cocacola austin,CSCO,0.4500000000000001
2017-10-31,becoming guide help ibmwatson taking break halloween,CSCO,0.16
2017-11-01,loretta advice womenintech limit cisconetacad story,CSCO,0.0
2017-11-30,confirming reuters exclusive says crackdown loans unpaid likely delayed months,CSCO,0.0
2017-11-30,matter what call assistant wake word technology complex challenging learn,CSCO,0.1
2017-12-30,incredible video does special plan result every middle class family,CSCO,0.4
2018-10-01,women industry implementing machine learning cybersecurity landscape changing look,CSCO,0.5
2018-10-01,started digitalskillsaf bootcamps begun digititan tvet colleges,CSCO,0.0
2018-10-01,better together excited about close duosec acquisition celebration begin,CSCO,0.625
2018-10-01,davidbombal part newest fully working network want learn,CSCO,-0.125
2018-10-02,thank soso inspiring women become leaders help glblctzn anything,CSCO,0.5
2018-10-02,thank soso inspiring women become leaders help glblctzn anything yzqgllrsfk,CSCO,0.5
2018-10-18,thank soso inspiring women become leaders help glblctzn anything,CSCO,0.5
2018-10-18,thank soso inspiring women become leaders help glblctzn anything,CSCO,0.5
2018-10-18,thank soso inspiring women become leaders help glblctzn anything hlvlzxwzxk,CSCO,0.5
2018-10-18,until october comstorus vars take advantage special pricing fast track products including,CSCO,0.2785714285714286
2018-10-19,ciscodc ending sessions presentation kubeflow tune watch livestream,CSCO,0.0
2018-10-19,thank soso inspiring women become leaders help glblctzn anything,CSCO,0.5
2018-10-19,glblctzn power connectivity after hurricane maria battered states territory puerto,CSCO,0.0
2018-10-27,tricleantech welcome newest members wraltechwire teconnectivity stewartinc techwire,CSCO,1.0
2018-10-27,staysafeonline another webinar want miss cybersecurity education skills career success,CSCO,0.0
2018-10-28,radiooptimism live lesson number teaching basics about twitch answering technical quest,CSCO,0.0
2018-10-28,early derek loved data statistics driving passion development,CSCO,0.4
2018-10-29,early derek loved data statistics driving passion development,CSCO,0.4
2018-09-01,thank soso inspiring women become leaders help glblctzn anything xqzhadpcma,CSCO,0.5
2018-09-01,first made dream come true lifechanger program makes possible people disabilities shek,CSCO,0.2
2018-09-10,join live webinar verizon september network modernization nybdtnlnau,CSCO,0.1363636363636363
2018-09-11,ciscoapac companies across region address half cyberthreat alerts receive according asia pacific,CSCO,-0.1666666666666666
2018-09-02,thank soso inspiring women become leaders help glblctzn anything,CSCO,0.5
2018-09-02,thank soso inspiring women become leaders help glblctzn anything,CSCO,0.5
2018-09-02,thank soso inspiring women become leaders help glblctzn anything,CSCO,0.5
2018-09-03,need fear factor authentication social media becoming secure,CSCO,0.0
2018-09-04,thank soso inspiring women become leaders help glblctzn anything,CSCO,0.5
2018-09-04,road trip checklist jeep laptop router employee became digital nomad lkteyhw,CSCO,0.0
2018-09-04,thank soso inspiring women become leaders help glblctzn anything,CSCO,0.5
2018-09-05,thank soso inspiring women become leaders help glblctzn anything,CSCO,0.5
2018-09-06,thank soso inspiring women become leaders help glblctzn anything cvsrxkpajn,CSCO,0.5
2018-09-07,thank soso inspiring women become leaders help glblctzn anything aghebcjamb,CSCO,0.5
2018-09-08,thank soso inspiring women become leaders help glblctzn anything,CSCO,0.5
2018-09-08,open customizable available hybrid cloud platform googlecloud giving partners customer,CSCO,0.2
2018-09-09,thank soso inspiring women become leaders help glblctzn anything possible,CSCO,0.5
2018-09-11,ways help grow business ingrammicroinc work transf,CSCO,0.1363636363636363
2018-09-12,thank soso inspiring women become leaders help glblctzn anything,CSCO,0.5
2018-09-12,markofthebeast dwave neurallace demise teartheveil cern,CSCO,0.0
2018-09-13,millankb thank soso inspiring women become leaders help glblctzn anything possible,CSCO,0.5
2018-09-13,narendramodi wonderful meeting chuckrobbins chairman discussed various aspects relating tech,CSCO,1.0
2018-09-13,convergeone partner recognized leader gartner magic quadrant reports viryiwgwcf,CSCO,0.5
2018-09-14,thank soso inspiring women become leaders help glblctzn anything legovnlstx,CSCO,0.5
2018-09-14,narendramodi wonderful meeting chuckrobbins chairman discussed various aspects relating tech,CSCO,1.0
2018-09-15,cities future smart connected interactive blockchain takes smartcities level,CSCO,0.1071428571428571
2018-09-17,thank soso inspiring women become leaders help glblctzn anything,CSCO,0.5
2018-09-17,thank soso inspiring women become leaders help glblctzn anything,CSCO,0.5
2018-09-17,great folks tool available help jumpstart netflow configs especially relate,CSCO,0.4000000000000001
2018-09-18,thank soso inspiring women become leaders help glblctzn anything,CSCO,0.5
2018-09-18,thank soso inspiring women become leaders help glblctzn anything,CSCO,0.5
2018-09-18,thank soso inspiring women become leaders help glblctzn anything jzcormcqlk,CSCO,0.5
2018-09-18,thank soso inspiring women become leaders help glblctzn anything,CSCO,0.5
2018-09-18,thank soso inspiring women become leaders help glblctzn anything,CSCO,0.5
2018-09-18,thank soso inspiring women become leaders help glblctzn anything,CSCO,0.5
2018-09-18,meetings critical part work making meetings better easier scheduling video,CSCO,0.0
2018-09-19,thank soso inspiring women become leaders help glblctzn anything,CSCO,0.5
2018-09-19,thank soso inspiring women become leaders help glblctzn anything,CSCO,0.5
2018-09-19,thank soso inspiring women become leaders help glblctzn anything,CSCO,0.5
2018-09-19,thank soso inspiring women become leaders help glblctzn possible,CSCO,0.5
2018-09-19,thank soso inspiring women become leaders help glblctzn anything,CSCO,0.5
2018-09-19,thank soso inspiring women become leaders help glblctzn anything,CSCO,0.5
2018-09-19,thank soso inspiring women become leaders help glblctzn anything,CSCO,0.5
2018-09-21,blockchain than cryptocurrencies securing elections protecting identities,CSCO,0.5
2018-09-21,thank soso inspiring women become leaders help glblctzn anything,CSCO,0.5
2018-09-21,thank soso inspiring women become leaders help glblctzn anything,CSCO,0.5
2018-09-21,thank soso inspiring women become leaders help glblctzn anything,CSCO,0.5
2018-09-22,worldrhinoday excited announce partnership natgeo documentary about saving rhinos,CSCO,0.1875
2018-09-23,thank soso inspiring women become leaders help glblctzn anything,CSCO,0.5
2018-09-23,miss great interviews dave moss anannra dhenschen disruptv catch,CSCO,0.8
2018-09-24,bird plane captain cloud check technical solutions architect roger dickinson using comic,CSCO,0.0
2018-09-24,thank soso inspiring women become leaders help glblctzn anything,CSCO,0.5
2018-09-24,bittin ciscosecurity ciscosupportweb karolinskaunsju bittin find loop back shortly,CSCO,0.0
2018-09-24,thank soso inspiring women become leaders help glblctzn anything,CSCO,0.5
2018-09-25,thank soso inspiring women become leaders help glblctzn anything,CSCO,0.5
2018-09-26,thank soso inspiring women become leaders help glblctzn anything,CSCO,0.5
2018-09-26,thank soso inspiring women become leaders help glblctzn anything,CSCO,0.5
2018-09-26,thank soso inspiring women become leaders help glblctzn anything lawpxhykps,CSCO,0.5
2018-09-26,thank soso inspiring women become leaders help glblctzn anything,CSCO,0.5
2018-09-26,ciscosecurity interesting first kind small medium business cybersecurity report,CSCO,0.3125
2018-09-26,chuckrobbins webex hour outage find hard believe company large redundancy place,CSCO,-0.0386904761904762
2018-09-27,aukendog mattcrigg fahimaz ibmstorage ibmcloudprivate ibmcloud heycisco ciscocollab ibmtraining please,CSCO,0.0
2018-09-28,amen thanks knob which make work question remains simple approac,CSCO,0.2
2018-09-28,thank soso inspiring women become leaders help glblctzn anything,CSCO,0.5
2018-09-28,thank soso inspiring women become leaders help glblctzn anything fudhcxrtfs,CSCO,0.5
2018-09-29,glblctzn announced globalcitizen festival global citizen prize youth leadership presented,CSCO,0.0
2018-09-30,glblctzn announced globalcitizen festival global citizen prize youth leadership presented,CSCO,0.0
2018-10-01,operating conditions package delayed delivery rescheduled meanwhile,CSCO,0.0
2018-10-01,please download examdump voice frame relay,CSCO,0.0
2018-10-01,sugar babies bank info needed proof interested sugarbabywanted,CSCO,0.0
2018-10-02,mikepuentenews police looking person interest shooting sunday hobart indiana,CSCO,0.525
2018-10-02,ninja commercial samsung travis scott hope guys samsung galaxy level,CSCO,0.0
2018-10-02,ciscodevnet offers comprehensive portfolio apis every layer network stack learn automated techniques,CSCO,0.1
2018-10-02,operating conditions package delayed delivery rescheduled meanwhile,CSCO,0.5
2018-10-18,smart railways systems witness remarkable growth cagr players capgemini syste rhjgbjjbyv,CSCO,0.3214285714285714
2018-10-18,baekconator ordered ebay stop doesnt count towards chart what seller tells want,CSCO,0.1
2018-10-18,norsebysw really supposed says verizon employee showing setting phone unbinds love,CSCO,0.0
2018-10-18,tyler creator sony working shows together,CSCO,0.0
2018-10-18,working samsung logo comeback showcase,CSCO,0.8
2018-10-18,lolameup truck passed doing baby broke,CSCO,0.0
2018-10-19,collaboration solution engineer ccnp ccie tier gold partner,CSCO,0.0
2018-10-19,enter chance origin millennium powered samsung sweepstakes,CSCO,0.0
2018-10-19,gigtricksglobal host event blockchain auto tech tournament gigtricks main sale live gbtc tokens read,CSCO,-0.6
2018-10-19,mariadb mariadb challenging first enterprise opensource database offer same core,CSCO,0.0
2018-10-20,haydenalxandra mcdonald employees janitors family members clean bathrooms poss,CSCO,0.6
2018-10-20,tomthunkitsmind video audio eyewitness evidence government services images kill squad guess,CSCO,0.0
2018-10-20,faisalislam rare intervention chairman toyota behalf japanese rising deal brexit risk suspended,CSCO,0.0
2018-10-20,meraki advancing networking security branch rvtthojbfu,CSCO,0.0
2018-10-21,adoptadonkey know only miniature adoption donkey find about miniature donkeys history,CSCO,0.25
2018-10-21,programmer junior senior project skillpower services thailand,CSCO,0.0
2018-10-21,gasoline tampa,CSCO,0.4166666666666667
2018-10-21,goldenrubss become cyber security cisa cism cissp specialist supposed,CSCO,0.0
2018-10-21,corporate revenue movie tickets,CSCO,0.0
2018-10-22,rickdun jobs available holds nationwide hiring blitz,CSCO,0.2
2018-10-22,whenever wherever allianz parque,CSCO,0.4
2018-10-22,passenger caught camera refusing black woman ryanair flight hurling insults passengers attem,CSCO,0.0
2018-10-23,andre bounced back time performance land national defense,CSCO,0.0
2018-10-23,cleur friends which additional learning opportunities excited live barcelona,CSCO,0.3371212121212121
2018-10-23,ethernet switch chip growing high cagr broadcom microsemi corporation ethernity networ,CSCO,0.16
2018-10-23,poweful integrated solutions avaya ajprokop avayabreeze hkkxeyhjss,CSCO,0.0
2018-10-23,nxsearth nexus software engineer network protocol designer founder lispers former fellow dinofarinacci presents,CSCO,0.0
2018-10-24,racist white refused elderly black woman ryanair flight called ugly black bast,CSCO,0.0
2018-10-24,hillary advertises migration look carefully sign fedex sign arrow betwe,CSCO,-0.2
2018-10-24,anything theflash dctv dccomics,CSCO,0.0
2018-10-24,enough reason unfollow someone likes steve jobs,CSCO,0.1
2018-10-24,fiberstore compatible great connecting high speed hubs ethernet switches routers,CSCO,0.8
2018-10-24,case missed multinode server,CSCO,0.0
2018-10-24,nadeshot nadeshot talks about beloved mcdonald orange juice trips late team,CSCO,0.1
2018-10-24,suspicious packages sent democrats election looms reuters mzbukgxply,CSCO,0.0
2018-10-24,dennis yablonsky says shell ethane cracker anchor drive forward petrochemical buildout appal,CSCO,0.0
2018-10-24,mobrienbooks donate amount trans binary person gofundme charity service dedicated helping,CSCO,0.0
2018-10-24,breaking multiple people shot inside grocery store outskirts louisville kentucky police,CSCO,0.0
2018-10-24,breaking police people killed shooting grocery store outskirts louisville kentucky,CSCO,0.0
2018-10-27,seconcbs story rivalry ready told gatorsfb footballuga,CSCO,0.0
2018-10-27,emfarl word sensitive thing move something half inch pictures move pages inserte,CSCO,0.5
2018-10-27,story pittsburgh synagogue shooting dead several injured suspect custody pittsburgh,CSCO,0.0
2018-10-28,baby ready ebygzhrewh,CSCO,0.3125
2018-10-28,xbox looking brighter future custom radiation king samsung qled custom xbox,CSCO,0.0
2018-10-28,early derek loved data statistics driving passion development,CSCO,0.4
2018-10-29,baby ready ebygzhrewh,CSCO,0.3125
2018-10-29,metasploit metasploit wrap busterbcook remote exploit webexec thanks jeffmcjunkin module,CSCO,0.0787878787878787
2018-10-29,darvishboy view honda center window angels stadium,CSCO,0.0
2018-10-29,xbox looking brighter future custom radiation king samsung qled custom xbox,CSCO,0.0
2018-10-29,linkedin brazilian startups developing wave apps ones help manage farms,CSCO,0.1363636363636363
2018-10-29,take look honda accord crosstour navi only,CSCO,0.0
2018-10-29,early derek loved data statistics driving passion development,CSCO,0.0
2018-10-29,justinsuntron blockchain team visited tron foundation diving deep smartcontracts tokenization partnership,CSCO,0.0
2018-10-29,teachers junior high school develop student agency through choice playlists which includ,CSCO,0.16
2018-10-30,baby ready ebygzhrewh,CSCO,0.3125
2018-10-30,lower marketing hype actually able substance,CSCO,0.5
2018-10-30,volunteers helped landscaping building painting projects houunitedway dayofcaring project,CSCO,0.6000000000000001
2018-10-30,join saturday november quickbooks overview yogi muthuswamy,CSCO,0.0
2018-10-31,boostlinks ends tonight adidas original shipped retail code octsale,CSCO,0.5
2018-10-31,thanks marie great review avon plaza salon great stylist wendy stark,CSCO,0.0
2018-10-31,financialbuzz otcqx ptotf breaking news patriot partners systems innovation program ciscosystems,CSCO,0.0
2017-01-31,series gigabit transceiver module,CSCO,0.0
2017-01-31,reuters deutsche bank agrees million york banking regulator mirror schem qbdwswzgda,CSCO,0.0
2017-01-31,justfreshkicks couple sizes restocked offspring adidas tknvumhacy shipping,CSCO,0.0
2017-01-31,bosch launch blockchain consortium securing identity physical property packaging kvqfmwtazg,CSCO,0.0681818181818181
2017-01-31,bought honda grom recently doing mini moto racing training drills motorcycle biker pics,CSCO,0.0
2017-01-31,sovietsergey about using ancient secure samsung galaxy potus which uses gmail,CSCO,-0.4333333333333333
2017-01-31,amazonhelp status order processed ready since need package before prime member,CSCO,0.0
2017-01-31,vote secured payments using link thank,CSCO,0.0
2017-01-31,gypsy showdown episode theflash tonight,CSCO,0.1704545454545454
2017-01-31,come booth miss booth basf provides solutions,CSCO,0.0
2017-01-31,shell start installing chargers petrol stations,CSCO,0.0
2017-01-31,generous nestle asked verify references before pilloried,CSCO,0.0
2017-01-31,steve mnuchin nominations blocked democratic boycott news time balls grew republicans,CSCO,0.0
2017-01-31,full laptop,CSCO,0.0681818181818181
2017-01-31,carrefour barueri,CSCO,0.1666666666666666
2017-01-31,davidsirota gave trump inaugural touted trump dereg days later trump issued dereg order,CSCO,0.0
2017-02-01,totally wrong direction protectionism hurt sides german minister reuters,CSCO,0.5
2017-02-01,department head perianesthesia paul minnesota gillette children specialty healthcare,CSCO,0.0
2017-02-01,itweetquestion gorgeous intruder needs water stay thirsty theflashpodcast theflash datflash,CSCO,0.7
2017-02-01,tvafterdark popped haha everyone meet gypsy theflash,CSCO,0.5
2017-02-01,profit quarter fell cent analysts surveyed thomson reuters,CSCO,0.0
2017-02-01,selling coins only interested buying,CSCO,-0.3333333333333333
2017-02-01,flashtvwriters laws earth dinner before kill flash,CSCO,0.0
2017-02-01,almighty idiot brave fool good fool missboxyfrown knockknockjoan theflash,CSCO,0.5
2017-02-01,solution vibe vibe done datflash theflash,CSCO,0.0
2017-02-01,wesonerdy oolala gypsy thing theflash datflash,CSCO,0.0
2017-02-01,theflash because trending iriswestmatters flashtvwriters,CSCO,0.0
2017-02-01,cannot cool theflash,CSCO,0.35
2017-02-01,chriscreativemi paying meal accepting visas time executivefastfoodorders,CSCO,0.1363636363636363
2017-02-01,listen reporter iris west tornado twins easter westallen sexy vibe glory,CSCO,0.5
2017-02-01,chancelloragard guys moment break seismic breakdancing theflash,CSCO,0.0
2017-02-01,what during flash everyone iris iris iris everyone mean shit,CSCO,0.0
2017-02-01,caitlwnsnow team flash caitlin barry team starlabs caitlin barry julian wally harry iris sorry,CSCO,0.0
2017-02-01,gypsy showdown episode theflash tonight,CSCO,-0.0625
2017-02-01,julian found help theflash,CSCO,0.0
2017-02-28,thefirsttrillionaire samsung group chief charged bribery embezzlement amid scandal sapnajha,CSCO,0.0
2017-02-28,workday thrilled welcome customer builtforthefuture,CSCO,0.2857142857142857
2017-02-28,reliance build largest services platform,CSCO,0.0
2017-02-28,dead xbox izpxolngpz,CSCO,0.4
2017-02-28,jaketapper horsleyscott reminds made america dreamliner fuselage italy wings japan doors france,CSCO,0.0
2017-02-28,south korea samsung heir yong indicted bribery embezzlement gpyxuvkogb eeftqbiclo,CSCO,-0.0318181818181818
2017-02-28,join mcdonald corporation team latest opening syeypotont hospitality elpaso hiring,CSCO,-0.0318181818181818
2017-02-28,jgsprintwest discount samsung galaxy edge choose installment billing hurry offer ends march,CSCO,0.0
2017-02-28,evitnews iwishiwas networking professional enroll evit networking academy,CSCO,0.1
2017-02-28,kansas shooting suspect thought killed iranians call reveals news,CSCO,0.0
2017-02-28,iotblogs jasper grows internet things reach breadth opines,CSCO,0.0
2017-02-28,global textile printing inks dupont huntsman group kornit dystar spgprints basf,CSCO,0.7000000000000001
2017-03-01,meet discuss analytics current phoenix landscape coming soon check,CSCO,0.0
2017-03-01,gyspy smooth theflash datflash,CSCO,0.0
2017-03-01,brandonsalmon both harry arms crossed cavanaghtom theflash,CSCO,0.0
2017-03-01,happy wife happy life irenacapris small token affection langway toyota,CSCO,0.0
2017-03-01,current brain power harry jesse caitlin come cage hold grodd,CSCO,0.0
2017-03-01,george antheil piano concertos jazz symphony jazz sonata ebay crgcxcrjku,CSCO,0.0
2017-03-01,sale public tender caterpillar motor grader john deere tractor complete details,CSCO,-0.2
2017-03-01,mistygirlph verizon fios service download movie minutes fiosny,CSCO,0.0
2017-03-01,agencies agree russia hacked election findings eosnos,CSCO,0.0
2017-03-01,familyfarenc durham,CSCO,0.0
2017-03-01,maxinewaters trump efforts derail russia investigation leaning committee republicans push media narrat,CSCO,0.6
2017-03-01,kissmysnap real housewives york aviva drescher fake everyone woman took,CSCO,0.1363636363636363
2017-03-31,mobile suit gundam seed never ending sony tested,CSCO,0.0
2017-03-31,seasonzerocom reviews comedies especially ones,CSCO,0.0
2017-03-31,keitholbermann flynn flips trump trump praises immunity nunes washed trump icymi yeah treason,CSCO,0.4
2017-03-31,another great item available ebay,CSCO,-0.3888888888888889
2017-03-31,ciscolive learn about live first timer tips event insights what attendees learned,CSCO,0.3787878787878787
2017-03-31,loved working mcdonald inna rain front line less people,CSCO,0.0
2017-03-31,buyvpnservice thanks repeal online privacy rules verizon android phones come installed spyware appflash,CSCO,0.0
2017-03-31,timkmak obama admin officials concerned about russia probe documents created list give senate cmte,CSCO,0.0
2017-03-31,cliqrtech cloudcenter action library allows perform tasks deployed apps through tool,CSCO,0.1
2017-04-01,yaboybillnye fuck parties bout hard paint draw pictures squids turnup,CSCO,-0.0666666666666666
2017-04-01,look ebay national treasures carson wentz rookie gear patch auto card eagles,CSCO,0.0
2017-04-01,womens chaco blue brown striped strappy terrain sandals size ebay,CSCO,0.25
2017-04-01,ratchet clank sony playstation unfwiozkny zteipcwgki,CSCO,0.0
2017-04-28,know angel watching chase dream rest peace xliv forever committed,CSCO,0.0
2017-04-28,jackson made song omfgggg freaking outttttt,CSCO,0.0
2017-04-28,predicts video astounding mobile traffic discover,CSCO,0.6
2017-04-28,trump tells reuters thought being president easier,CSCO,0.0
2017-04-28,bleacherreport hold back after armour adidas wouldn sign lonzo ball,CSCO,0.0
2017-04-28,hellacorey agenda rise grind deliver first class priority mail respect women aggressively headbang,CSCO,0.5
2017-04-28,bleacherreport hold back after armour adidas wouldn sign lonzo ball,CSCO,0.3
2017-04-29,fedex ship anything fedex innovation challenge fedex drop fedexcontest omgrobots,CSCO,0.8
2017-05-31,team integrated cybersecurity products threat intelligence managed,CSCO,0.0
2017-05-31,auto sold usedcars vehiclefinance,CSCO,0.0
2017-05-31,integrate threat intelligence improve cyber security quexpfbiqu,CSCO,0.0
2017-05-31,lightroom live adobe portfolio part deux rossin photismjp,CSCO,0.0
2017-05-31,hankgreen context advised president daqahgecdk,CSCO,0.2681818181818182
2017-05-31,volume leader systems high,CSCO,0.16
2017-05-31,hankgreen context advised president daqahgecdk,CSCO,0.0625
2017-05-31,partner help customers fight against cybercrime,CSCO,0.0
2017-05-31,hayesgrier better fries chick mcdonald,CSCO,0.8
2017-06-01,crib sheets pack fitted soft jersey cotton sheet bedding unisex stars rhipaatxfv,CSCO,-0.2333333333333333
2017-06-01,catch final chapter chronicles season stream finale,CSCO,0.0
2017-06-30,atdavidhoffman enough stupidity realdonaldtrump msnbc times real news fake news coming,CSCO,-0.25
2017-06-30,arreality spark board uses collaboration doctors critical medical decisions virtualreality medtech,CSCO,0.0
2017-06-30,reports agencies describe russian hackers discussing obtain emails clinton server,CSCO,0.0
2017-06-30,ohthatshayshay good luck anyone myrthle beach matthews indian trail monroe fucking,CSCO,0.0
2017-06-30,mkraju july shaping busy house susan rice roger stone caputo possibly gordon,CSCO,0.1363636363636363
2017-07-31,pioneering musician brian musical brains behind window start tune dubbed sound,CSCO,1.0
2017-07-31,ebay snipe,CSCO,0.0
2017-07-31,womenintheworld pilot believed youngest woman captain,CSCO,0.0
2017-07-31,oficialfazeclan giving everyone fazeup,CSCO,0.0
2017-07-31,teens parody mcdonald caused absolute chaos,CSCO,0.1363636363636363
2017-08-31,know trying flood what actually dumbass nina used conger,CSCO,0.0
2017-08-31,foundation donating matching employee contributions hurricaneharvey relief learn,CSCO,0.0
2017-08-31,ibdinvestors carves high gains enterprise cloud software,CSCO,0.375
2017-08-31,minister communications awards great contribution charmaine houvet systems,CSCO,0.8
2017-08-31,westallenworld gorilla warfare time westallen messing need nightsontheircouchs,CSCO,0.5
2017-08-31,bradsmi stands withdreamers helping community company american economy thrive,CSCO,0.0
2017-08-31,keeps brexit talks pressure davis signals cash offer reuters,CSCO,0.0
2017-09-01,houston rambobiggs manpower needs help donate ssgbiggs gmail,CSCO,0.375
2017-09-01,cselley bought acer liquid zest phone lock,CSCO,0.375
2017-09-01,bitmain antminer brand never opened reserve ebay,CSCO,0.375
2017-09-01,samsung galaxy unlocked white locked,CSCO,0.375
2017-09-29,head blockchain anannra talks planes trains blockchain discover intersection,CSCO,0.0
2017-10-31,humanresourses make game background adobe illustrator beginners,CSCO,0.0499999999999999
2017-10-31,expresstechie datacentres being secured fuelcell installations,CSCO,0.0499999999999999
2017-10-31,greatlakescisco disguise wearing lake whitefish halloween costumes article cjfas,CSCO,0.0
2017-10-31,ciscochat podcast switching subscription option relaxed bkzzjwuaeo,CSCO,0.1704545454545454
2017-10-31,collider theflash andrew kreisberg danny trejo tease breacher crossover,CSCO,-0.1
2017-10-31,warnerbrostv shocked gypsy father breacher shows earth episode theflash tonight,CSCO,-0.2818181818181818
2017-10-31,davidaxelrod credit message discipline pitching wacky collusion counter narrative clear putin hated,CSCO,0.0
2017-10-31,samsung softbank invest israeli lidar startup innoviz technologies startup funding startup funding,CSCO,0.0
2017-10-31,capabilities existing spark collaboration integrations enable massively scalable live,CSCO,0.0681818181818181
2017-10-31,gotvkenya believe sony reality channels aunt working what happening experiencing same,CSCO,0.0
2017-11-01,indascorner about condoms dude another dimension show outta nowhere,CSCO,0.0
2017-11-01,spark board uses collaboration doctors critical medical decisions tgxijiteqd,CSCO,0.0
2017-11-30,wirelineio blockchain network iota teams volkswagen data marketplace,CSCO,0.0
2017-11-30,enter nissan titan instant prizes,CSCO,-0.1
2017-11-30,please download examdump implementing switched networks,CSCO,0.0
2017-11-30,muslim holds ancient jesus tomb site jerusalem jerusalem reuters dark falls adeeb joudeh,CSCO,0.0
2017-11-30,mkraju news meeting house sources tell first time lawmakers questio,CSCO,0.3125
2017-11-30,webinar replay enjoy webinar replay covering unified communications manager cucm,CSCO,0.4
2017-11-30,weigh pros cons blade servers lenovo itcensta,CSCO,0.0
2017-11-30,ttcsirt csirt advisory security updates,CSCO,0.0
2017-11-30,hannahgais former head nice dude before,CSCO,0.0
2017-11-30,ebay seat ibiza spares repair export salvage repairable carparts carrepair,CSCO,0.0
2017-12-01,enter nissan titan instant prizes,CSCO,0.0
2017-12-29,bhamdonkeys fridayfeeling sometimes smallest things take room heart milne snow,CSCO,0.5
2017-12-29,better bolder built introducing spark room vnitevqyle,CSCO,0.5
2017-12-29,better bolder built introducing spark room fcsepssdma,CSCO,0.5
2017-12-29,news almalki crime novelist grafton dies cancer angeles reuters crime novelist grafton,CSCO,0.0
2017-12-30,good choice introduce luciana girl engineer tiera guinn fletcher,CSCO,0.0
2017-12-30,artist accused stealing idea video game gamers furious business insider ldpuwytevp,CSCO,0.0
2018-07-11,simple secure smart networking chairman chuckrobbins simplifying company strategy nyti,CSCO,0.2047619047619048
2018-07-11,examdump download networking premise cloud solutions please,CSCO,0.0
2018-07-11,atlanta boys boston bobcats about defend lyhnqvczbi,CSCO,0.0
2018-07-11,beach july nantucket hurricanechris inkym timnbcboston,CSCO,0.0
2018-07-12,caseycrl mdennedy darkreading discuss things privacy security cybersecurity data encryption,CSCO,-0.1555555555555556
2018-07-12,honestly mine because well handles bejor crisis demi,CSCO,0.6
2018-07-13,smart request filled fields waited confirmation email received,CSCO,0.2142857142857142
2018-07-13,please download examdump implementing routing route,CSCO,0.0
2018-07-13,sandy congratulations selected winner earth giveaway,CSCO,0.0
2018-07-13,falls after report considering selling network switches shaving billion,CSCO,0.6
2018-07-13,party packets death code exec menace gear theregister,CSCO,0.0
2018-07-13,cnbcnow falls after report considering selling network switches shaving billion,CSCO,0.6
2018-07-13,nudgeai david sakamoto head customer success americas sales,CSCO,0.3
2018-07-13,fast furious housing startup gives people ability ahead game,CSCO,-0.1
2018-07-15,song,CSCO,0.1363636363636363
2018-07-16,check evolving technologies book cloud network programmability ccie ccde written tests,CSCO,0.0
2018-07-16,seriously time someone vibrate killing alternate present ramon,CSCO,0.0
2018-07-16,bigcountrysport every time craig slaughter think epic showdown between clyde intense,CSCO,0.1
2018-07-16,please download examdump video wireline cable headend design specialist,CSCO,0.0
2018-07-17,yahoofinance live watch blackrock bank america fedex,CSCO,0.1363636363636363
2018-07-17,vinugenie part recommended reading list ccie check ciscopress release troubleshooting nexus switc,CSCO,0.0
2018-07-17,strong storms baldwin moving towards callahan gardens ratliff high winds gusting jaxwx flwx,CSCO,0.2966666666666666
2018-07-17,ccna certified network associate ccna examdumps nowdownloading please,CSCO,0.0
2018-07-17,examdump download bsci building scalable internetworks please,CSCO,0.0
2018-07-18,designing internetwork solutions examdump download please,CSCO,0.0
2018-07-19,please nowdownloading examdumps designing internetwork solutions,CSCO,0.0
2018-07-19,plugs serious flaws policy suite nexus switches,CSCO,-0.3333333333333333
2018-07-19,remote working wlan design consultant location berkshire salary,CSCO,0.0181818181818181
2018-07-19,senior network architect certified network professional ccnp description establishes configures,CSCO,0.1
2018-07-19,ciscoservices fast effective support seasoned tech engineers discover innovating technical support experience,CSCO,0.4
2018-07-19,theflashbra question flash cast actually brazil sdcc askcwsdcc,CSCO,0.0
2018-07-19,sycom didn bring solution provided roanoke county schools tools every class,CSCO,0.2857142857142857
2018-07-21,comes giving back team group worked downtownstreets,CSCO,0.0
2018-07-22,securityweek published finds serious flaws policy suite products full original article,CSCO,0.1305555555555555
2018-07-22,seamustuohy seriously either need engineers line need stop trying backdoors place becau,CSCO,-0.3333333333333333
2018-07-22,conducting unified wireless site survey examdump download please,CSCO,0.0
2018-07-22,webex harnesses power human collaboration because technology connect isolate,CSCO,0.0
2018-07-24,cbonime know know earned being best thank,CSCO,1.0
2018-07-24,located rotterdam international airport worldhotel wings took years plan develop designed dhtkffwxwt,CSCO,0.0
2018-07-25,unifiedfx purchase wallboardfx subscription before august additional capacity best uccx wallboard,CSCO,1.0
2018-07-25,greatlakescisco kinds zooplankton including invasive ones spiny water flea bythotrephes inva,CSCO,0.0
2018-07-26,loudphillips hahah love hilarious,CSCO,0.375
2018-07-26,ciscodevnet learn historic city braga portugal using technology bring benefits digital transfo,CSCO,0.0
2018-07-26,ccna certified network associate ccna examdumps nowdownloading please,CSCO,0.0
2018-07-26,examdump download implementing service provider generation edge network services please,CSCO,0.0
2018-07-26,examdump download bsci building scalable internetworks please,CSCO,0.0
2018-07-26,webex calling meeting team suite built digital workplace wvdaodnfuj,CSCO,0.0
2018-07-26,jerrybuchko urbanagguru onboard camera imac high camera dslr,CSCO,0.16
2018-07-26,test cloud knowledge booth observablenet cloud question about fgdabkfhag,CSCO,0.0
2018-07-26,above beyond employees communities which landed spot people companies care learn,CSCO,0.25
2018-07-27,examdump download integrating unified communications applications capps please,CSCO,0.0
2018-07-28,june reuters reported germany allowed russian intelligence servi,CSCO,0.0
2018-07-28,please download examdump implementing video network devices exam,CSCO,0.0
2018-07-28,routers huawei were hacked separate groups using different methods,CSCO,0.0
2018-07-28,love scene always wondered what happened hartley rathaway after good love,CSCO,0.6875
2018-07-28,examdump download applying specialized business value analysis skills please,CSCO,0.0
2018-07-28,examdump download ccna cyber understanding cybersecurity fundamentals please,CSCO,0.0
2018-07-29,greatmark partners sells systems,CSCO,0.0
2018-07-29,teeth divorce,CSCO,0.0
2018-07-29,examdump download implementing routing route please,CSCO,0.0
2018-07-30,love scene always wondered what happened hartley rathaway after good love,CSCO,0.6875
2018-07-30,bigbangoninfinity expecting trouble cannot wait another roller coaster season,CSCO,0.225
2018-07-30,please nowdownloading examdumps designing wireless enterprise networks,CSCO,0.0
2018-07-30,examdump download deploying service provider network routing sproute please,CSCO,0.0
2018-07-31,flint partners return path ironport systems bhivelabs,CSCO,0.0
2018-07-31,connects hospital systems employees visitors,CSCO,0.0
2018-07-31,ciscosecurity fileless malware stealthiest malware time read endpoints stops potential fileless,CSCO,0.0
2018-07-31,safety feat yhung mozzy ziggy,CSCO,0.0
2018-07-31,please download examdump implementing network security,CSCO,0.0
2018-07-31,networking telecom fire power tested offers,CSCO,0.1
2018-07-31,devnet ecosystem exchange meet integrators specialize digital solutions,CSCO,0.0
2018-07-31,ccna cyber understanding cybersecurity fundamentals examdump download please,CSCO,0.0
2018-07-31,sakhiwetech connects hospital systems employees visitors,CSCO,0.0
2018-08-01,please download examdump implementing telepresence video networking solutions itvns,CSCO,0.0
2018-08-01,first doing work boss handed training manual,CSCO,0.0472222222222222
2018-08-01,ciscolaunchpad pankaj mitra director head india acquisition speaks about through launchpad,CSCO,0.0
2018-08-01,schneier backdoors routers know error deliberate action backdoors dshixnwuxd,CSCO,0.1
2018-08-01,sales network engineer full time dallas tier gold partner,CSCO,0.5
2018-08-01,tradegovukusa invest digital innovation including opening largest research,CSCO,0.0
2018-08-01,listed certicable twinax meter passive etherne,CSCO,0.0
2018-08-01,jose calif august scheduled conference call wednesday august,CSCO,0.0
2018-08-01,bridge cloud suite brings unseen performance unified status platform independence support,CSCO,0.0
2018-08-01,examdump download implementing edge network security solutions please,CSCO,0.0
2018-08-02,bruh pulled whole debacle migrated front yard shit tense liwdtqmsqb,CSCO,-0.1111111111111111
2018-08-02,mcindiacareers hiring senior engineer firewall configuration pune ksbmutbbwk,CSCO,0.0
2018-08-02,timers network infrastructure subjects support community zrldnoesng,CSCO,-0.125
2018-08-02,evotingsec backdoors routers know error deliberate action backdoors discovered,CSCO,0.1
2018-08-02,buying security cash announced intent arbor based securi,CSCO,0.0
2018-08-02,davidgoeckeler welcome dugsong jonoberheide duosec excited about impact make teams,CSCO,0.8
2018-08-02,duosec thrilled start chapter journey world largest enterprise security company,CSCO,0.3666666666666667
2018-08-02,buying security vendor cloud based factor authentication services cash matt ysfpbinuke,CSCO,0.0
2018-08-02,plans acquire cybersecurity firm security billion infosec infosecurity,CSCO,-0.2
2018-08-02,cisoatprinceton security purchased something higher aware ciso,CSCO,0.0
2018-08-02,story buying security cash techcrunch,CSCO,0.5
2018-08-02,meeting customers needs announced intent acquire security together provide,CSCO,0.0
2018-08-02,announces intent acquire security security,CSCO,0.5
2018-08-02,neilcattermull systems acquires security multi factor authentication endpoint security single sign solu,CSCO,-0.0714285714285714
2018-08-02,story mindcasters buying security cash techcrunch wuytfzspnv,CSCO,0.5
2018-08-03,news sold valuation something common between these,CSCO,0.0
2018-08-03,duosec thrilled start chapter journey world largest enterprise security company,CSCO,0.3666666666666667
2018-08-03,examdump download supporting telepresence system devices please,CSCO,0.25
2018-08-03,techframework releases patches critical read,CSCO,0.0
2018-08-03,buys security billion adds cloud based authentication security lineup,CSCO,0.0
2018-08-03,bypass anyconnect hostscan,CSCO,0.0
2018-08-03,systems schedules conference call fiscal financial results,CSCO,0.0
2018-08-03,ccna certified network associate ccna examdumps nowdownloading please,CSCO,0.0
2018-08-03,certified networking associate ccna edwardsville jobs,CSCO,0.0
2018-08-03,etherealmind acquisitions products normally support development firepower example,CSCO,0.075
2018-08-03,please download examdump interconnecting networking devices part,CSCO,0.0
2018-08-03,examdumps nowdownloading implementing routing route modkglbnlx please,CSCO,0.0
2018-08-04,examdump download implementing service provider mobility cdma networks spcdma wxqbxshuay please,CSCO,0.0
2018-08-04,smsohan hiring intermediate senior software engineers calgary relocation work cyber security,CSCO,0.0
2018-08-04,deploying service provider network routing sproute examdump download please,CSCO,0.0
2018-08-04,please download examdump express security,CSCO,0.0
2018-08-04,powerful secure networking experience announced intent acquire security,CSCO,0.4000000000000001
2018-08-04,pentagon creates list russian chinese software germany allowed,CSCO,0.0
2018-08-04,expected systems,CSCO,-0.1
2018-08-05,reviewjournal black feature exhibitors systems offering range services products protect netwo,CSCO,-0.0833333333333333
2018-08-05,examdump download implementing wireless network fundamentals please,CSCO,0.0
2018-08-05,scmagazine patches password related vulnerability,CSCO,0.0
2018-08-05,please download examdump advdesign,CSCO,0.0
2018-08-05,coursescorner coursescorner exam training made easy,CSCO,0.4333333333333333
2018-08-05,slomo thebarton theatre tune aljzdetpmq,CSCO,0.0
2018-08-05,michiganalumni duosec arbor based company founded alumni dugsong jonoberheide being acquired syst,CSCO,0.0
2018-08-05,added receiving contact center update notices webex teams,CSCO,0.0181818181818181
2018-08-06,please download examdump implementing switched networks switch,CSCO,0.0
2018-08-06,designing internetwork solutions examdump download please,CSCO,0.0
2018-08-06,deals buys security peloton valuation soars sonos public cnbc newspicks,CSCO,0.25
2018-08-06,strategic wealth advisors group purchases systems,CSCO,0.0
2018-08-06,duosec being purchased sigh stop implementing hardcoded backdoors mayb,CSCO,0.0
2018-08-06,sohear congrats song security being acquired cash fact song previously member elit,CSCO,-0.1666666666666666
2018-08-06,connecting kids experts teachers students around world connected north,CSCO,-0.125
2018-08-06,aisaturdaylagos join saturday first meeting cycle kicks systems plot louis solomon close,CSCO,0.25
2018-08-06,connecting kids experts teachers students around world connected north,CSCO,-0.125
2018-08-06,ofelmayarah funny barry stands dusting himself funny says teas,CSCO,-0.15625
2018-08-06,arista million settle litigation,CSCO,0.0
2018-08-07,redingtonvalue altice portugal sign bring innovative proof concept mobile world setxhwyqez,CSCO,0.5
2018-08-07,awkward,CSCO,-0.6
2018-08-07,marketingmuseaz tumblr helping tweens become tech savvy global problem solvers sponsor content,CSCO,0.0681818181818181
2018-08-07,viptela sdwan introduction fabric bring steps viptela sdwan introductio tdetxmrdej,CSCO,0.0
2018-08-07,beach sherpa brigade headed apres,CSCO,0.0
2018-08-07,fatkiddeals grab ultimate certification super bundle sale part bundle prepare earn necessa,CSCO,0.2083333333333333
2018-08-08,interconnecting networking devices part vhfsyygrnz examdumps nowdownloading please,CSCO,0.0
2018-08-08,excited about opportunity work context smart cities smart building solutions integrating,CSCO,0.2678571428571428
2018-08-08,implementing switched networks switch examdump download please,CSCO,0.0
2018-08-08,batchelorshow june reuters reported germany allowed russian intelligence service,CSCO,0.0
2018-08-08,acquire billion adding security hosivqkihc,CSCO,0.0
2018-08-08,chathamanimal help celebrate internationalcatday visiting shelter kitties petsmart apexnc marmalade caspian,CSCO,0.0
2018-08-08,implementing unified messaging examdump download please,CSCO,0.0
2018-08-09,implementing network security examdump download please,CSCO,0.0
2018-08-10,network optimization services witness huge growth leading players solarwinds system,CSCO,0.2
2018-08-10,implementing telephony video part examdump download please,CSCO,0.0
2018-08-10,generation firewall analysis industry players systems check point software toyzujwane,CSCO,0.5
2018-08-10,redingtonvalue takeaways talos threat research summit,CSCO,0.5
2018-08-10,please download examdump implementing service provider mobility umts networks spumts,CSCO,0.0
2018-08-11,beattyj part security which become distinct subset separate culture,CSCO,0.45
2018-08-11,please download examdump implementing telephony video part,CSCO,0.0
2018-08-11,pizza heaven,CSCO,0.0
2018-08-12,city toronto brings free shelters through partnership,CSCO,0.4
2018-08-12,ccna certified network associate ccna examdumps nowdownloading please,CSCO,0.0
2018-08-12,please download examdump troubleshooting maintaining networks tshoot,CSCO,0.0
2018-08-12,ccna certified network associate ccna examdump download please,CSCO,0.0
2018-08-12,please download examdump paisese introducing identity services engine system engineer pokoxdmdna,CSCO,0.0
2018-08-13,hiring solutions architect albany full time data center collab networking youtube,CSCO,0.125
2018-08-13,please download examdump implementing wireless network fundamentals,CSCO,0.0
2018-08-13,niraadr these complaints call open portal,CSCO,0.0
2018-08-13,please download examdump ccna certified network associate mjthijxmtg,CSCO,0.0
2018-08-13,after being acquired systems potential lies horizon arbor security lpffaumprm,CSCO,0.0
2018-08-13,examdump download ccna certified network associate ccna please,CSCO,0.0
2018-08-13,please nowdownloading examdumps implementing switched networks switch,CSCO,0.0
2018-08-13,nice glance around work place campus heart silicon valley think eszdnyimqw,CSCO,0.3681818181818181
2018-08-13,examdump download maintaining service provider vpns mpls networks mspvm mkyoukuywp please,CSCO,0.0
2018-08-14,examdumps nowdownloading ccna cyber understanding cybersecurity fundamentals uezozdgrny please,CSCO,0.0
2018-08-14,bedroom furniture growing popularity emerging trends analysis players systems,CSCO,0.0
2018-08-14,examdump download deploying service provider network routing sproute please,CSCO,0.0
2018-08-14,reuse opens attacks ipsec huawei products affected,CSCO,0.0
2018-08-15,interconnecting networking devices part examdump download please,CSCO,0.0
2018-08-15,network security engineer rochester marine engineering jobs,CSCO,0.0
2018-08-15,technical engineer python scripting ccna networking location bracknell salary,CSCO,0.0681818181818181
2018-08-15,examdump download implementing switched networks switch please,CSCO,0.0
2018-08-15,please download examdump deploying solutions,CSCO,0.0
2018-08-15,ciscoccpartners partners back better than aboard express kick weeks,CSCO,0.25
2018-08-15,gives bullish outlook helped products software webhosting,CSCO,0.1363636363636363
2018-08-16,rising after earnings guidance beat barronsonline,CSCO,0.0
2018-08-16,lukedouthitt excited announce decided athletic academic career college thank fami,CSCO,0.125
2018-08-16,what great experience broadcast associates around world hello jose raleigh toront,CSCO,1.0
2018-08-16,software subscription strategies,CSCO,0.0
2018-08-17,booming results show economy strength real broad based major companies confirmi,CSCO,0.13125
2018-08-17,ccna cyber understanding cybersecurity fundamentals examdump download please,CSCO,0.0
2018-08-17,appreciate response does really hard open stem assume faith oops,CSCO,0.0
2018-08-17,pascerse saas conferencing resale exam examdump download please,CSCO,0.0
2018-08-17,remember steve jobs disappointed didn sign were taking used computers sayi,CSCO,-0.75
2018-08-18,examdump download ccna certified network associate mjthijxmtg please,CSCO,0.0
2018-08-18,bayinfotech part honored group companies cioreview platform always start ybvcepvgle,CSCO,0.0
2018-08-18,proud verbally committed college first thank family past coaches,CSCO,1.0
2018-08-18,tonight mrsmallstheatre pittsburgh grandpianomusic outsideinside different places,CSCO,0.0
2018-08-19,grab ultimate certification super bundle sale part bundle prepare earn,CSCO,0.2083333333333333
2018-08-19,hopes musical episode remember eddie sang ballad serenity,CSCO,0.0681818181818181
2018-08-19,adoptadonkey know only miniature donkey adoption scheme adopt summer,CSCO,0.0
2018-08-19,implementing unified communications manager part,CSCO,0.0
2018-08-19,examdump download implementing data center unified computing dcuci exam please,CSCO,-0.1
2018-08-20,ucce video training download free lecture labs world unique collection video training,CSCO,0.425
2018-08-20,equities analysts issue forecasts systems earnings,CSCO,0.0
2018-08-20,execs cryptomining election security threats loom large,CSCO,0.2142857142857142
2018-08-20,conference calls often know both waiting songs unified meetingplace meeting place tips,CSCO,0.0
2018-08-21,examdump download express foundation systems engineers exam please,CSCO,0.0
2018-08-21,ccie collaboration written exam update ccie ccnp ccna cissp,CSCO,0.0
2018-08-21,unified communications consultant technologies looking unified,CSCO,0.0
2018-08-21,vegas,CSCO,0.0
2018-08-22,research shows corporations crony quickly become unicorns appdynamics bought,CSCO,0.3333333333333333
2018-08-22,make odisha state eyes reliance,CSCO,0.0
2018-08-22,examdump download data center unified computing support specialist qualifier exam please,CSCO,-0.1
2018-08-23,implementing collaboration applications capps examdump download please,CSCO,0.0
2018-08-23,fairimmigration bloomberg department labor investigation concluded passing native born workers,CSCO,0.0
2018-08-23,uccx study free learn deploy uccx solutions,CSCO,0.4
2018-08-23,generic learning courses highlights product application need players atomic training syst,CSCO,0.0
2018-08-23,generic learning courses highlights product application need players atomic training syst,CSCO,0.0
2018-08-23,examdump download troubleshooting unified communications tvoice please,CSCO,0.0
2018-08-23,huge news john chambers chairman emeritus sees rubrikinc long term leader learn,CSCO,0.4000000000000001
2018-08-23,found department labor investigators secured visas foreign workers instead hiring,CSCO,-0.125
2018-08-23,software defined networking thriving worldwide systems,CSCO,0.0
2018-08-23,software defined networking thriving worldwide systems,CSCO,0.0
2018-08-23,jswartz after john chambers dreaming about tech jswartz kotvjcpuem,CSCO,0.0
2018-08-23,greatlakescisco strong population means chinook fishing likely excellent fort peck reservoir montana,CSCO,0.4777777777777778
2018-08-23,ccna certified network associate mjthijxmtg examdump download please,CSCO,0.0
2018-08-23,john chambers chairman emeritus sees rubrikinc long term leader learn joining,CSCO,0.0
2018-08-23,examdump download implementing unified wireless networking essentials iuwne please,CSCO,0.0
2018-08-24,neilmunrodc dept labor believes discriminated against american college grads favor hiring indian workers,CSCO,0.0
2018-08-24,examdump download implementing unified wireless networking essentials please,CSCO,0.0
2018-08-24,omnia family wealth position systems,CSCO,0.0
2018-08-24,implementing secure access solutions sisas examdump download please,CSCO,0.4
2018-08-24,updates benjamin jorgensen teamed redbull team does waste time,CSCO,0.1
2018-08-24,building ciscosystems jose zlqpwiykcs,CSCO,0.0
2018-08-24,bipulsinha rubrik platform future data management dell johntchambers,CSCO,0.0
2018-08-24,nationalwaffleday basically national umbrella founder davidu made waffles part culture,CSCO,0.0
2018-08-24,head bandwagon fucker barca,CSCO,0.0
2018-08-25,designing network service architectures talvzxnihb examdump download please,CSCO,0.0
2018-08-25,advdesign examdump download please,CSCO,0.0
2018-08-26,pirates knock chich knock redbeard scoring double good guys letsgobucs,CSCO,0.6875
2018-08-26,elliot meeting robot darlene what elliot nothing meant pjvloypqsf,CSCO,0.0
2018-08-26,typing couple days living happily therapeutic riding pony,CSCO,0.8
2018-08-27,qualcomm environment data montoroing smart devices smart china expo chongqiong yuel mzbpswxgyw,CSCO,0.2142857142857142
2018-08-27,nixcraft games pearsons simulator occasional does linux think,CSCO,0.0
2018-08-27,managed network services thriving worldwide systems ericsson huawei technologies,CSCO,0.0
2018-08-27,please download examdump asceram saas conferencing resale exam,CSCO,0.0
2018-08-27,wireless router booming worldwide tenda belkin linksys xlhwciwhyl,CSCO,0.0
2018-08-27,richinarm currently hunting information technology first class certified network associate routin,CSCO,0.0
2018-08-27,implementing secure mobility solutions simos examdump download please,CSCO,0.4
2018-08-27,partners away start latest aboard express series look forwa,CSCO,0.5
2018-08-28,richinarm currently hunting information technology first class certified network associate routin,CSCO,0.0
2018-08-28,ciscodevnet tools branch orchestration management blog ciscodna,CSCO,0.0
2018-08-28,smart education learning global players blackboard mcgraw hill education systems,CSCO,0.0714285714285714
2018-08-28,mhennigan join collaboration september learn latest video conferencing team collaboration,CSCO,0.5
2018-08-28,arundubey arangodb happy part internal sanjose stop booth learn,CSCO,0.4
2018-08-28,work smarter intuitively learn collaboration teamwork irtmcndqra ciscocollab,CSCO,0.5
2018-08-29,workspace delivery network witness huge growth players cloudgenix glue networks qpxcjcjaqb,CSCO,0.2
2018-08-29,richinarm currently hunting information technology first class certified network associate routin,CSCO,0.0
2018-08-29,workspace delivery network witness huge growth players cloudgenix glue networks,CSCO,0.2
2018-08-29,arrow fans felicity diggle need aren green arrow characters same arrow fans caitlin,CSCO,0.0
2018-08-29,mutual global million holdings systems,CSCO,0.05
2018-08-29,data center security phenomenal growth leading players systems fortinet check point,CSCO,0.1333333333333333
2018-08-29,learn reverse debug analyse saidelike,CSCO,0.0
2018-08-29,looking entry level work infosecjobs northern literally anything working oscp cmno,CSCO,0.0
2018-08-30,sales engineer solutions architect solutions enterprise networking data center collab full time albany area,CSCO,0.0
2018-08-30,existing eigrp timers hello hold learning network,CSCO,0.0
2018-08-30,richinarm currently hunting information technology first class certified network associate routin,CSCO,0.0
2018-08-30,voice engineer description global information grid service management operations,CSCO,0.0
2018-08-30,released securityupdates multiplevulnerabilities affected products,CSCO,0.0
2018-08-30,ciscoliveeurope look started counting live barcelona couldn excited tried,CSCO,0.0
2018-08-30,ciscoblogs devnetexpress learn code power apis champion radio podcast,CSCO,0.0
2018-08-30,discover video first easier webex ciscowebex meetings,CSCO,0.0
2018-08-30,aims impact lives people through ciscocsr programs recent revealedseries,CSCO,0.0
2018-08-30,examdump download interconnecting networking devices part please,CSCO,0.0
2018-08-30,ciscocloud summit anaheim better together blog sergiolicear awsmarketplace,CSCO,0.625
2018-08-30,distance,CSCO,0.0
2018-08-31,devillishspeedy barry continued cradle closer lifting buddy goggles eyes cebsaestsk,CSCO,0.0
2018-09-01,please download examdump implementing network security,CSCO,0.0
2018-09-01,software engineer platform cloudsecurity systems canada vancouver reliability engineering,CSCO,0.0
2018-09-01,please download examdump interconnecting networking devices part,CSCO,0.0
2018-09-01,systems engineer data platform cloud security systems canada vancouver business entity opend wdkjcxgeaz,CSCO,0.0
2018-09-01,thesnowofstar raises hand opens breach wells looks raising brow chuckles amusingl,CSCO,0.0
2018-09-02,team miss caitlin felicity,CSCO,0.0
2018-09-10,ronanfarrow women raise serious claims sexual assault harassment against moonves board failed,CSCO,-0.1
2018-09-10,implementing network security examdump download please,CSCO,0.0
2018-09-10,investments works cohesity drive innovation champion radio podcast,CSCO,0.0
2018-09-10,video digital media design specialist gomcrijudh examdump download please,CSCO,0.0
2018-09-10,barka salah samsung phones brand duos duos note,CSCO,0.1363636363636363
2018-09-10,iainljbrown shoves gpus server deep learning doesn play crysis read,CSCO,0.3333333333333333
2018-09-10,movie references pinterest ciscoramon vibe carlosvaldes theflash,CSCO,0.0
2018-09-11,please download examdump implementing wireless network fundamentals,CSCO,0.0
2018-09-02,sapnextgen highlight book innovation purpose rosenbergann berndwelz globalgoals,CSCO,0.0
2018-09-03,please download examdump database expert,CSCO,0.0
2018-09-03,please download examdump maintaining service provider routing protocols msprp,CSCO,0.0
2018-09-04,troubleshooting telephony video ctcollab examdump download please,CSCO,0.0
2018-09-04,express foundation field engineers cxff tevcgetjam examdump download please,CSCO,0.0
2018-09-04,lamw awesome white paper partner houseofbrick running vmwonaws pleasently surprised number,CSCO,0.5
2018-09-04,learningatcisco certifications often lead higher salaries faster promotions lucrative rewards personal recognition,CSCO,0.125
2018-09-05,tpvtrevor upcoming conservative protests dustbin history starbuck,CSCO,0.0
2018-09-05,patches serious flaws umbrella products,CSCO,-0.3333333333333333
2018-09-05,examdump download implementing switched networks please,CSCO,0.0
2018-09-05,ciscotrust product security incident response team focuses protection security transparency learn benefits psirt,CSCO,0.0
2018-09-05,green alert missing please help billy owens black toyota tacoma truck virginia license abington,CSCO,0.0
2018-09-06,calamur think thomson reuters implode something something nice about india without qualifying patria,CSCO,1.0
2018-09-06,moonofa pretty everyone looked into case believes sony insider hack north korea clues sony,CSCO,0.0
2018-09-06,samsung note available note iphone iphone used chipped macbook,CSCO,0.0
2018-09-06,nytimes investigators were seen taking away items bags towing coupe home couple accused stealing,CSCO,0.4666666666666667
2018-09-06,acablegal ctxfoodbank oooh nice please email them weareciscoteam permission social,CSCO,0.75
2018-09-07,video tutorial accompanying text diagrams explain vlan trunk ports configuratio rtdchffiuo,CSCO,0.0
2018-09-07,remember lord sugar opened business thechase,CSCO,0.1363636363636363
2018-09-07,charlyhops cheers keep tesco,CSCO,0.0
2018-09-07,samsung galaxy plus arctic silver,CSCO,0.0
2018-09-07,giveaway winners winners enter retweet,CSCO,0.0
2018-09-07,dosports andre trill williams glad first college experience learning,CSCO,0.375
2018-09-08,tough game saved audience thank kind djokernole nolefam,CSCO,0.0
2018-09-08,,CSCO,0.0
2018-09-08,phone what phone using,CSCO,0.0
2018-09-08,sidneyphlegm tesco employee please boss each individual into mouth spit them back into,CSCO,0.0
2018-09-08,examdump download introducing voice unified communications administration please,CSCO,0.0
2018-09-08,examdump download implementing edge network security solutions please,CSCO,0.0
2018-09-11,iran vows expected unexpected moves exits deal bmzealmneq dubai reuters iranian,CSCO,-0.25
2018-09-11,introducing better stronger faster multicloud growth read,CSCO,0.1363636363636363
2018-09-11,travon open open second date first well shouldn open,CSCO,0.0
2018-09-11,vodafonestage spin tickets vodafone comedy carnival galway centrestage vodafonecomedygalway galwaycomedy,CSCO,0.0
2018-09-11,greta followed moonves scandal want read asking news organizations lift,CSCO,0.05
2018-09-12,bristowcolin shoves gpus server deep learning doesn play crysis read,CSCO,0.3333333333333333
2018-09-12,iainljbrown shoves gpus server deep learning doesn play crysis read,CSCO,0.3333333333333333
2018-09-12,info attend concert jamsil students gymnasium november,CSCO,0.0
2018-09-12,joining leaders around world ciscoleaderday dubai wearecisco,CSCO,0.0
2018-09-12,colchester aswell knock tesco build bloody because chance,CSCO,1.0
2018-09-12,cloud server global analysis players dell lenovo,CSCO,0.0
2018-09-12,peru years japan computers critical business partner drive secure digital,CSCO,0.0
2018-09-12,ayrton senna reaction after honda announces withdrawing italian monza septe,CSCO,0.0
2018-09-12,hundreds fans lined early experience concert arena oakland,CSCO,0.0
2018-09-12,aschenbrenner klaus view nexus essential advanced editions guide,CSCO,0.2
2018-09-12,software defined perimeter witness huge growth leading players systems,CSCO,0.2
2018-09-13,huffpost minutes producer jeff fager sent threatening text correspondent jericka duncan coverage sexual,CSCO,1.0
2018-09-13,printer drivers windows printerdrivers windows,CSCO,1.0
2018-09-13,told speak about what ebay time trust fruitloop,CSCO,0.0
2018-09-13,listen meet locals anxiety live anchor proud interview wyorhosgzy,CSCO,0.1704545454545454
2018-09-13,draw attention towards sony internships states application submission,CSCO,0.0
2018-09-13,territory manager sales nigeria frbnchcxbw,CSCO,0.0
2018-09-13,eigrp timers switching routing support community,CSCO,0.0
2018-09-13,video wireline cable headend design specialist examdump download please,CSCO,0.0
2018-09-13,akshaykatariyaa cook iphone dual feature samsung tera sabun slow appleevent,CSCO,0.0
2018-09-13,iise career fair wednesday september register information them effe,CSCO,0.7
2018-09-14,nypost apples political interferance proud owner samsung duck duck search,CSCO,0.0
2018-09-14,sony selling phones think opportunity,CSCO,0.0
2018-09-14,spicyfiles freedomcaucus told news open mind about theappointment special,CSCO,0.0
2018-09-15,another short buckaroo interception good bucks,CSCO,0.0
2018-09-15,does anyone find strange baker using yahoo known yahoo,CSCO,0.1363636363636363
2018-09-15,fact boxes sort garbage cardboard gear fitting recovered,CSCO,0.3
2018-09-15,port desktop switch connect network devices including computers printers,CSCO,0.0
2018-09-15,nathanhrubin reminder house committee finished investigation without asking manafort cohen flynn testify,CSCO,0.0
2018-09-15,examdump download operational foundations service provider core networks ofcn please,CSCO,0.0
2018-09-15,subjectkpop twice currently yahoo japan real time search after program twice,CSCO,-0.16875
2018-09-15,layer switch sysnettech solutions watch video,CSCO,0.0
2018-09-15,join team latest opening legal purchase hiring careerarc,CSCO,0.0
2018-09-15,sony introduces generation system cameras liveproduction,CSCO,0.0
2018-09-16,ebay lego ghostbusters movie ecto brand sealed retired umqektspef,CSCO,0.1704545454545454
2018-09-16,kvngspice bored made quick concept gillette shaving stick,CSCO,0.0
2018-09-16,absolutely evil chinese lost freedom speech,CSCO,-0.5
2018-09-16,word sorry features word blocked until update presses update word sorry cannot update,CSCO,-0.1
2018-09-16,mrdadson adidas mafia composer mede akosua manfa daavi take chick away number bisa,CSCO,0.0
2018-09-16,opendns comes security need home umbrella size,CSCO,0.0
2018-09-16,sportscenter kidding nevsjax,CSCO,0.0
2018-09-17,verizonsupport verizon atmc wifi power back during storm able,CSCO,0.0
2018-09-17,network design engineer sitec exciting requirement network design engineer,CSCO,0.3
2018-09-17,redditbtc trillion sent bitcoin processes transaction value than,CSCO,0.5
2018-09-17,deevaladeeva groupon dinner ferry ride about fair about happy hour,CSCO,-0.6
2018-09-17,almost years young woman making home busted places knew utah,CSCO,0.3
2018-09-17,sony joystick controller available aegis electronic group wholesale ywcvjadzja,CSCO,0.0
2018-09-17,ciscocc execs change collaboration calling customer care takes spotlight noticed,CSCO,0.1363636363636363
2018-09-18,catalyst series switch proxy mashup xnkirqxzkk,CSCO,0.0
2018-09-18,miss ghostbusters video game sony playstation atak deals,CSCO,0.3
2018-09-18,grew wanting work,CSCO,0.0
2018-09-18,covers enterprise features data platform multi hypervisor support mission critical,CSCO,0.1363636363636363
2018-09-18,meetings critical part work making meetings better easier scheduling video,CSCO,0.0
2018-09-18,gangstapuffs abbreviates backpack play pubg less syllables than backpack something shut fuck,CSCO,0.0
2018-09-19,briaberratcisco recognized range features customer opinion channel ecosystem gartner meeting solutions,CSCO,0.0
2018-09-19,elysoup souper thank tesco supplying slurp tastic soup bought ticket,CSCO,0.1363636363636363
2018-09-19,samsung galaxy galaxy need know read,CSCO,0.1
2018-09-19,cnni december playstation born december returns sony releasing revamped model original,CSCO,0.0
2018-09-19,cohesity cohesity founder mohitaron explains significance partnership stronger together,CSCO,0.0
2018-09-19,bloomington minneapolis white woman harasses muslim woman simply trying clothes,CSCO,0.7
2018-09-20,presenting self healing network automation beyond nvasia learn join,CSCO,0.0
2018-09-20,ciscocc learn customer journey solutions enable deliver contextual continuous capability rich journeys,CSCO,0.0
2018-09-20,global data centre networking trends alkatel lucent dell,CSCO,0.0
2018-09-20,citaifuni academy offering future oriented online self study courses cyber security essentials,CSCO,0.0
2018-09-20,please download examdump ccna certified network associate rckazbmshz,CSCO,0.0
2018-09-20,club management software thriving worldwide software clubrunner active network northstar techn,CSCO,-0.1333333333333333
2018-09-20,nixcraft ansible always felt natural comes automation boxes worked well juniper,CSCO,0.3
2018-09-20,fedex changes official clown golf tour championship preview wordpressdotcom,CSCO,0.0
2018-09-20,discovered band song love sancisco,CSCO,0.3625
2018-09-20,magentainkk sony gives free games discounts shit dedicated servers about xbox,CSCO,0.2142857142857142
2018-09-20,jokesuk girlfriend came stacking washing powder tesco lying bastard told were,CSCO,0.0
2018-09-30,hilarious conversations between harry ciscoramon harrywells vibe thef,CSCO,0.5
2018-09-30,xdrive call only visit nobody beat show room wydxcyvqdr,CSCO,0.0
2018-09-30,commintegrator polycom zoom skype what companies integrators ranking highly ceeblbogdx proav,CSCO,-0.125
2018-10-01,tell into accident caitlin well were driving deer road,CSCO,0.0
2018-09-21,thenutrigurl super slow motion video samsung note sexy video slowmotion samsung thenutrigurl,CSCO,1.0
2018-09-21,need digital power business samsung combines efficient processor powerful battery,CSCO,0.0
2018-09-21,past years honda battle bands showcased best hbcu bands provided grants,CSCO,0.0
2018-09-21,light reading executive summit miss conversation happy partner calix,CSCO,0.4
2018-09-22,examdump download ccna certified network associate mjthijxmtg please,CSCO,0.0
2018-09-22,please download examdump advdesign,CSCO,0.0
2018-09-22,ripple official says distributed ledger technology ultimate inside,CSCO,0.5
2018-09-22,ibmlinuxone explore alliance describe database benefits linuxone read ibmredbooks public,CSCO,-0.8
2018-09-22,syracuse game turnover battle taking uconn andre added late interception,CSCO,-0.2777777777777778
2018-09-23,scowlingamercat emilybuckshot companies lockheed martin ingersall rand worked rand,CSCO,0.0
2018-09-23,proffaustus convenient link perhaps prefer reference before present,CSCO,0.0681818181818181
2018-09-23,johnlegere tmobile different bogo iphone offer tmobile,CSCO,0.0
2018-09-23,miss laptop windows home uberbuyer offers,CSCO,0.0
2018-09-24,linux unix windows includes connect server contains,CSCO,0.5
2018-09-24,adidas lullaby performance video presentyou lullaby adidas,CSCO,0.0
2018-09-24,adidas lullaby performance video jinyoung presentyou lullaby adidas,CSCO,-0.5
2018-09-24,zannequinn keep rocking great shell,CSCO,0.0
2018-09-24,killed another critical hard coded root password patch urgently infosec,CSCO,-0.1
2018-09-24,campuscodi based count sixth hardcoded credentials backdoor removed devices,CSCO,0.0
2018-09-24,grntub uber driver hyundai sonata girl what color,CSCO,0.1704545454545454
2018-09-25,adidas lullaby performance video presentyou lullaby adidas,CSCO,0.6166666666666667
2018-09-25,lickherthighs ghetto white mixed everything always sell,CSCO,0.1363636363636363
2018-09-25,cables pack nylon braided lightning durable micro cables android cable samsung nexus,CSCO,0.5
2018-09-25,cbsnewspress cbsn originals documentary puerto rico exodus after hurricane maria series watched premiere news,CSCO,0.0
2018-09-25,examdump download implementing routing route please,CSCO,0.0
2018-09-25,lickherthighs ghetto white mixed everything always sell,CSCO,0.5
2018-09-25,demo alphaprep practice exam prep engine video works suggestions grsopfstsk,CSCO,0.0
2018-09-25,campuscodi based count sixth hardcoded credentials backdoor removed devices,CSCO,0.0
2018-09-25,bleepincomputer products affected fragmentsmack,CSCO,0.0
2018-09-25,vastagency excited launch giveaway make sure instructions below ends paypa,CSCO,0.0
2018-09-26,finding america easy finding online stores accept easier accepted million sites,CSCO,0.0
2018-09-26,leaf gemstone pendants each accept cash venmo,CSCO,0.4
2018-09-26,good shell early depart refunds normally issued within working days original,CSCO,-0.1
2018-09-26,cloud application security witness huge growth players systems veracode,CSCO,0.2
2018-09-26,ooof webex hours counting znobukfysm theregister,CSCO,0.0
2018-09-26,adding lead into project plans pmsim projectmanagement pmot msproject qlnfaifdlk,CSCO,0.0
2018-09-26,makinganimpact scholarships mcdonald hacer mcdemployee,CSCO,0.1363636363636363
2018-09-26,sony defense force activate,CSCO,0.0
2018-09-26,technology size status forecast players qualcomm,CSCO,0.0681818181818181
2018-09-26,tribe desy golden maknae marley btsarmy,CSCO,0.3
2018-09-27,mspowahs fans diversity nice dumbledore cool dead hermione black okay,CSCO,0.0
2018-09-27,examdump download implementing switched networks switch please,CSCO,0.0
2018-09-27,brumpalestine hsbc stop arming israel school unite union offices holt north heneage street,CSCO,-0.5
2018-09-27,interconnecting networking devices part examdump download please,CSCO,0.0
2018-09-27,smart education learning global players blackboard mcgraw hill education systems,CSCO,0.0714285714285714
2018-09-27,samsung electronics chairman executives samsung affiliates indicted charges union sabo,CSCO,0.4
2018-09-27,marapolsa damn handwriting added word,CSCO,0.0
2018-09-28,sony camera bigbilliondays,CSCO,0.0
2018-09-29,server virtualization witness huge growth players accenture dell fujitsu wafjjdyogf,CSCO,0.2
2018-09-29,bring samsung mobile phone levy mall outlet sort software problems,CSCO,0.0
2018-09-29,toyota tells deal brexit temporarily halt production burnaston plant near derby,CSCO,0.0
2018-09-29,sneakernews rank entire dragon ball adidas collaborative collection ctypnluovu,CSCO,0.46875
2018-09-30,thekitchenista dell absolute worst soon money back,CSCO,-0.4
