Created_at,Tweet_Words,Score
2020-04-09 15:35:09+00:00,informative app pivot points close pivot point download tradingview stockstowatch,0.8617998361587524
2020-04-09 14:56:01+00:00,str ballin tricktrades holdin son profit yo stop struggling dumpste,0.1893901228904724
2020-04-11 19:54:06+00:00,advanced micro devices advanced micro devices equity,0.2725025713443756
2020-04-12 02:56:57+00:00,sma hitting upper bollinger band room,0.912099838256836
2020-04-13 19:39:02+00:00,let recent break resistance area beautiful lo,0.9757652282714844
2020-04-13 17:46:28+00:00,let recent break resistance area beautiful swingtrading stockstowatch,0.96829092502594
2020-04-14 16:31:55+00:00,claims world fastest performance epyc rome cpus madtweets,0.2347921580076217
2020-04-14 16:26:15+00:00,synopsys news releases madtweets,0.0017290860414505
2020-04-14 12:22:09+00:00,eying dips beta incredible strength focus scalping opps,0.9657479524612428
2020-04-14 01:05:51+00:00,inverse,-0.0383127555251121
2020-04-15 11:25:10+00:00,informative app pivot points close pivot point download tradingview stockstowatch,0.858244776725769
2020-04-16 22:19:24+00:00,reasons keep radar etfs dividends equities financial,0.0987063646316528
2020-04-16 17:29:54+00:00,advanced micro devices receives consensus rating brokerages,0.8559894561767578
2020-04-16 13:10:03+00:00,hanging around thoughts direction,0.8457814455032349
2020-04-16 12:05:09+00:00,informative app pivot points close pivot point download tradingview stockstowatch,0.8476327657699585
2020-04-17 21:51:25+00:00,advanced micro devices evp mark papermaster,-0.5325554609298706
2020-04-17 15:34:20+00:00,launches generation epyc processors lower ownership,-0.2083563804626464
2020-04-17 12:35:08+00:00,informative app pivot points close pivot point download tradingview stockstowatch,0.8592369556427002
2020-04-18 19:39:35+00:00,advanced micro devices advanced micro devices equity,0.2725025713443756
2020-04-18 14:01:54+00:00,set withstand coronavirus term advanced micro devices age,0.551703691482544
2020-04-20 17:16:50+00:00,finance,0.967598795890808
2020-04-20 17:04:18+00:00,finance,0.97568941116333
2020-04-20 12:39:36+00:00,updating thoughts economy,0.8043135404586792
2020-04-20 04:42:51+00:00,advanced micro devices hardware highlighting nearline,0.88785719871521
2020-04-20 04:30:06+00:00,advanced micro devices hardware highlighting nearline equity,0.9421473741531372
2020-04-21 10:21:36+00:00,advanced micro devices updated thoughts hardware earnings equity,0.1700377017259597
2020-04-21 08:00:20+00:00,advanced micro devices release earnings,0.2076285630464553
2020-04-21 07:51:45+00:00,advanced micro devices release earnings,0.0363260358572006
2020-04-22 22:30:27+00:00,advanced micro devices svp forrest eugene norrod,-0.6432312726974487
2020-04-22 19:07:24+00:00,ibd filling cup base ahead earnings,0.6305665969848633
2020-04-22 18:41:15+00:00,ibd filling cup base ahead earnings,0.5835354328155518
2020-04-22 14:10:03+00:00,lil overnight flip robinhood,0.9906127452850342
2020-04-22 10:21:00+00:00,advanced micro devices youtube goo,0.4873399436473846
2020-04-23 21:05:42+00:00,current money stk drops ne,0.9473965167999268
2020-04-23 10:29:03+00:00,advanced micro devices second half outlook servers worsening rapidly pierre ferragu equity,-0.8419804573059082
2020-04-23 10:29:03+00:00,advanced micro devices matter semis earnings season pierre ferragu equity,0.1674644649028778
2020-04-23 08:24:59+00:00,zacks brokerages expect advanced micro devices earnings,0.4872502982616424
2020-04-23 03:12:47+00:00,advanced micro devices pivot points,0.5280090570449829
2020-04-23 00:19:35+00:00,beautiful plan tricktrades plan proper professional edu,0.9954262971878052
2020-04-24 15:49:26+00:00,showing major strength target,0.9641491174697876
2020-04-25 07:49:51+00:00,advanced micro devices expected sales billion,0.1553487479686737
2020-04-27 22:08:07+00:00,technical analysis stocktrading,0.0077982656657695
2020-04-27 20:39:32+00:00,advanced micro devices tsmc initiating outperform beyond equity,0.0367142297327518
2020-04-27 14:48:08+00:00,advanced micro devices pcs quarter flattish servers pierre ferragu equity,-0.4177770316600799
2020-04-27 11:26:05+00:00,advanced micro devices wedbush apr equity,0.111014038324356
2020-04-27 11:11:15+00:00,advanced micro devices wedbush apr equity,0.1192291229963302
2020-04-27 10:48:04+00:00,advanced micro devices pcs quarter flattish servers pierre ferragu equity,-0.4177770316600799
2020-04-27 04:16:33+00:00,advanced micro devices hardware tech horseman emerge equity,0.1045287176966667
2020-04-28 23:35:28+00:00,hours mysterychart revealed bullish given flagging appears,0.8860175609588623
2020-04-28 22:22:27+00:00,reported solid results dinged bit sales guidance longtime colleague covers earnings detail leaderboard tech chips,0.9521335363388062
2020-04-28 21:46:50+00:00,advanced micro devices eps inline revenues beat estimate earnings sto,0.7946621179580688
2020-04-28 21:43:18+00:00,reduces guidance midpoint wider range earlier company reiterating full,-0.6525859832763672
2020-04-28 21:41:05+00:00,advanced micro devices eps inline revenues beat estimate earnings,0.7889207601547241
2020-04-28 21:24:41+00:00,advanced micro devices eps inline revenues beat estimate earnings,0.8909708261489868
2020-04-28 20:56:32+00:00,moves lower early ah er release positive numbers guarded future outlook offer opportunity near future positioned within space imo outlook,0.9633461236953736
2020-04-28 20:39:47+00:00,please earnings,0.4441276490688324
2020-04-28 20:33:12+00:00,advanced micro devices eps inline revenues beat estimate earnings,0.8976815938949585
2020-04-28 20:06:38+00:00,choose hands,-1.0621947050094604
2020-04-28 18:59:38+00:00,company power technical analysis score update ta score,0.1102298572659492
2020-04-28 16:20:11+00:00,advanced micro devices scheduled announce earnings results close consensus eps estimate consensus revenue estimate earnings,0.3289865851402282
2020-04-28 15:02:33+00:00,flow update advanced micro devices optionsflow,-0.8238009214401245
2020-04-28 01:05:41+00:00,flow update advanced micro devices optionsflow chips,0.6668463945388794
2020-04-29 23:58:08+00:00,nomura boosts advanced micro devices target,0.2011366784572601
2020-04-29 22:48:14+00:00,advanced micro devices target raised,0.899948000907898
2020-04-29 20:08:35+00:00,advanced micro devices given target cfra,0.2460468411445617
2020-04-29 19:45:08+00:00,reported earnings micro devices adj eps inline sales beat est,0.4487585127353668
2020-04-29 18:26:35+00:00,advanced micro devices review results guide overhang remains equity,0.9201323986053468
2020-04-29 17:16:57+00:00,advanced micro devices pt raised,0.8877490758895874
2020-04-29 16:57:53+00:00,numbers nearly guidance slightly consensus bad expectations,-0.8901798725128174
2020-04-29 16:30:44+00:00,advanced micro devices pt raised wells fargo,0.8512815237045288
2020-04-29 15:25:26+00:00,advanced micro devices target increased analysts,0.8921304941177368
2020-04-29 15:25:25+00:00,advanced micro devices target increased analysts ubs,0.9145429134368896
2020-04-29 14:01:38+00:00,reported earnings micro devices adj eps inline sales beat estimate sales estimate earnings,0.6618669033050537
2020-04-29 13:28:08+00:00,advanced micro devices thoughts equity,0.1352059245109558
2020-04-29 13:10:29+00:00,premarket lowers sales forecast coronavirus hit earnings,-1.0257867574691772
2020-04-29 13:04:07+00:00,advanced micro devices slowing line expectations tp pierre ferragu equity,-1.02287495136261
2020-04-29 11:17:45+00:00,advanced micro devices modest haircut guide positive lt thesis remains intact equity,0.9221078157424928
2020-04-29 11:17:33+00:00,advanced micro devices thoughts equity,0.1352059245109558
2020-04-29 11:06:05+00:00,advanced micro devices rating reaffirmed rosenblatt securities,0.9164872169494628
2020-04-29 10:26:43+00:00,advanced micro devices expected earn earnings,0.4366649389266968
2020-04-29 04:31:14+00:00,advanced micro devices releases earnings results meets expectations,0.1576722115278244
2020-04-29 04:00:57+00:00,advanced micro devices ceo lisa su results earnings transcript,0.2321259081363678
2020-04-29 02:45:33+00:00,advanced micro devices lower earnings offer eps guidance nasdaq reaction hours,-0.6135542392730713
2020-04-29 00:58:39+00:00,reported solid results dinged bit sales guidance longtime colleague cov,0.9359595775604248
2020-04-29 00:39:12+00:00,ah blocktrades darkpool prints entries wallstreet,-0.0135520212352275
2020-05-03 21:24:03+00:00,forget large skilled analysts exactly thing feel sorry ridiculously valued examples guess believe fairytales,0.950392246246338
2020-05-03 19:18:32+00:00,notice declining declining rsi money finance learntotrade,-1.0672345161437988
2020-05-03 01:02:47+00:00,quick analysis major chip maker potential swingtrading opportunity usin,-0.6550345420837402
2020-05-04 22:05:12+00:00,technical analysis stocktrading,0.0132825374603271
2020-05-04 20:47:32+00:00,thanks private chat admins huge gap fill end gap closely stocktrading learntotrade,0.9901275634765624
2020-05-04 18:23:00+00:00,bullish engulfing risk reward current lt story leadershi,0.983851194381714
2020-05-04 16:19:51+00:00,intraday position marketprofile ticks scalping,0.0019862577319145
2020-05-04 12:54:05+00:00,advanced micro devices technology infrastructure earnings ending street research analyst pierre ferragu email equity,0.0958761349320411
2020-05-04 06:51:12+00:00,financial brokers decrease earnings estimates advanced micro devices,-0.9208333492279052
2020-05-04 04:24:05+00:00,advanced micro devices hardware cloud capex handset uncertainty equity,0.7453311681747437
2020-05-05 02:02:54+00:00,extremely bullish hope yall listened easily dollar already semis,0.975415825843811
2020-05-06 22:01:26+00:00,faithful gon na,-1.021038293838501
2020-05-06 00:20:29+00:00,discussed ibdlive ingredient canslim big earnings growth institutional ownership story detail,0.961289405822754
2020-05-07 15:58:35+00:00,intraday position marketprofile ticks scalping,0.0019862577319145
2020-05-08 14:58:07+00:00,intraday position marketprofile ticks scalping,0.0019862577319145
2020-05-08 11:18:13+00:00,advanced micro devices revenue update equity,0.1578646451234817
2020-05-08 02:22:04+00:00,advanced micro devices earnings transcript,0.0980874225497245
2020-05-08 01:00:43+00:00,financials prove,0.9544211626052856
2020-05-08 00:43:36+00:00,financials prove,0.9562661647796632
2020-05-09 20:22:49+00:00,overperform medium underperform average seems headed performed real solid attempt recovery longer stay cluster potential big drop,-0.3124215304851532
2020-05-09 20:11:43+00:00,advanced micro devices advanced micro devices equity,0.2725025713443756
2020-05-28 19:52:10+00:00,advance micro devices ceo lisa su bernstein strategic decisions conference,0.0900664404034614
2020-05-28 19:50:51+00:00,advance micro devices ceo lisa su bernstein strategic decisions conference finance,0.0789106637239456
2020-05-28 19:46:41+00:00,neutral technical analysis score ta score categories score neutral moving average score excellent score neutral,0.9516903162002563
2020-05-28 09:16:34+00:00,advanced micro devices embedded expectations analysis advanced micro devices usa currently corporate averages relative uniform earnings uniform equity,0.6277122497558594
2020-05-28 03:19:33+00:00,advanced micro devices valens credit insights valens credit research highlighted ideas fcx gt uri provided recent analyses rfp rig equity,0.4593894779682159
2020-05-29 23:56:02+00:00,advanced micro current valuation fairly valued real value near news wallstreet,0.9532326459884644
2020-05-29 11:20:10+00:00,advanced micro devices advisor chinese memory update equity,0.0428296327590942
2020-05-29 08:20:02+00:00,joystick showcased profitability result risen margins improvin,0.9679166078567504
2020-05-30 23:02:34+00:00,request waiting long levels stockmarke,-0.4455636441707611
2020-05-30 22:34:33+00:00,request waiting long levels,0.5648701190948486
2020-05-30 00:16:29+00:00,advanced micro current valuation fairly valued real value near,0.9284167289733888
2020-06-01 18:52:22+00:00,always stick decent far stockstowatch finance tradingstocks anonymous motivationmonday motivational money btd btdtrader btdtrading btfd daddy,0.977798581123352
2020-06-01 05:38:24+00:00,ya heaven,0.9674727916717528
2020-06-01 04:44:28+00:00,ya heaven,0.9492694139480592
2020-06-03 20:41:13+00:00,reward ahead etfs dividends equities financial,0.7345653772354126
2020-06-03 19:41:05+00:00,company profile fundamental technical analysis score update fa score ta score,0.0455788746476173
2020-06-03 17:23:51+00:00,technical analysis stocktrading,0.0108290426433086
2020-06-03 15:08:16+00:00,technical analysis stocktrading,0.0098258964717388
2020-06-03 13:29:16+00:00,technical analysis stocktrading,0.0081493034958839
2020-06-03 12:35:34+00:00,damn nasdaq dowjones,-0.7971282005310059
2020-06-03 01:22:05+00:00,advanced micro devices presents bank america securities global technology conference transcript,0.1788637340068817
2020-06-04 16:11:47+00:00,virtual tour inside hpe based flagship supercomputers madtweets,-0.043189488351345
2020-06-04 14:04:30+00:00,needs rejected second longer resistance stockstowatch,-0.91120707988739
2020-06-04 13:43:10+00:00,breaks line keep eye ghost stockstowatch,0.9397357702255248
2020-06-05 22:19:10+00:00,big bullish bets texas instruments madtweets,0.9562963247299194
2020-06-05 12:58:58+00:00,virtual tour inside hpe based flagship supercomputers madtweets,-0.0588158778846263
2020-06-05 11:02:11+00:00,advanced micro devices tsmc qtd thoughts ahead sales equity,0.1994280219078064
2020-06-07 19:32:22+00:00,excellent technical analysis score ta score categories score excellent moving average score score neutral,0.959480881690979
2020-06-07 19:29:24+00:00,power open interest update optionsflow techno,0.5512572526931763
2020-06-07 19:25:37+00:00,bofa securities analyst ratings target bofa optionsflow semiconductor techno,0.9351259469985962
2020-06-07 18:51:12+00:00,big bullish bets advanced micro devices money flow power unusual oi iv greeks oi max pain,0.9928237199783324
2020-06-07 16:25:08+00:00,tech keep crushing doubling past madtweets,0.9200209379196168
2020-06-07 16:18:40+00:00,cramer show nvidia qualcomm room run madtweets,0.4445325434207916
2020-06-07 16:15:49+00:00,dell xps utterly dominate nm ryzen ryzen madtweets,-0.5331499576568604
2020-06-08 22:45:54+00:00,places additional chip orders tsmc space vacated huawei ban madtweets,0.0807199329137802
2020-06-08 20:51:21+00:00,places additional chip orders tsmc space vacated huawei ban madtweets,0.0105158612132072
2020-06-08 18:41:38+00:00,dell xps utterly dominate nm ryzen ryzen madtweets ht,0.1563836634159088
2020-06-08 15:03:46+00:00,semiconductor industry sony starts production madtweets,0.0201437622308731
2020-06-08 15:02:38+00:00,semiconductor industry sony starts production madtweets,0.0738681927323341
2020-06-08 13:24:57+00:00,comet lake flakes latest mindfactory sales data ryzen chips parts madtweets,-0.6986976861953735
2020-06-08 12:27:49+00:00,growth late madtweets,0.6883153915405273
2020-06-08 06:41:25+00:00,advanced micro devices expected earnings,0.4164285659790039
2020-06-08 04:21:02+00:00,advanced micro devices hardware signs data center strength equity,0.95320463180542
2020-06-09 20:09:08+00:00,epyc processors ecosystem continues grow integration nvidia dgx madtweets,0.3509969711303711
2020-06-09 20:02:28+00:00,helps lift nasdaq late ibd bullish move madtweets,0.9274680614471436
2020-06-09 19:08:01+00:00,always stick decent far stockstowatch finance,0.9550923109054564
2020-06-09 18:55:06+00:00,lesson hourly bar aunt bea,-0.5157959461212158
2020-06-09 18:35:01+00:00,epyc processors power nvidia madtweets,0.2041334807872772
2020-06-09 17:27:20+00:00,shows explosive growth server notebook segments epyc ryzen cpus releases updated cpu gpu roadmaps madtweets,0.4801682531833648
2020-06-09 17:25:22+00:00,epyc processors power nvidia madtweets,0.1412293314933776
2020-06-09 17:24:50+00:00,came little long appeared defended seemed decent,0.9057856798171996
2020-06-09 17:05:36+00:00,lesson hourly bar aunt bea,-0.5699479579925537
2020-06-09 15:29:48+00:00,amy ta,0.977431297302246
2020-06-09 14:41:55+00:00,breaking tight consolidation lagging strength especially weakness set long side fails becomes key level interest position,0.9545210599899292
2020-06-09 14:05:34+00:00,hours profit,0.9823462963104248
2020-06-09 13:59:22+00:00,came little long appeared defended seemed decent woke heavy far propulsion tgt near count demark,0.9143282175064088
2020-06-09 13:39:54+00:00,analysts downgrades bl cae camt coll crus deo pb penn pxd,-1.058144211769104
2020-06-09 12:25:47+00:00,shows explosive growth server notebook segments epyc ryzen cpus als madtweets,0.4946188628673553
2020-06-10 23:46:09+00:00,ready takeoff madtweets,0.6700174808502197
2020-06-10 23:41:12+00:00,ready takeoff madtweets cnbc,0.7031668424606323
2020-06-10 22:37:15+00:00,ready takeoff technews techstocks microchip,0.6085401773452759
2020-06-10 20:18:36+00:00,bulls overcome bears advanced micro breaks madtweets,0.8093104362487793
2020-06-10 18:27:00+00:00,god trust believe profit pure,0.9758307933807372
2020-06-10 16:43:51+00:00,jim cramer feeling economy descent madtweets,0.9753704071044922
2020-06-10 15:18:24+00:00,bullish event chips powered running dmi extremely,0.9773286581039428
2020-06-10 15:15:02+00:00,bullish event chips powered running dmi extremely bullish axd vol across,0.9643399715423584
2020-06-10 14:04:01+00:00,already model portfolio signals bio inve,0.9706978797912598
2020-06-10 13:48:38+00:00,big nasdaq nyse finance money pennystocks livetrading stockstowatch,0.4980356395244598
2020-06-10 13:07:59+00:00,interest low madtweets,-0.5951156616210938
2020-06-10 13:06:33+00:00,interest low madtweets,-0.9353471994400024
2020-06-10 13:05:08+00:00,plundering crypto keys ultrasecure sgx sends scrambling madtweets st,-0.4271180629730224
2020-06-10 13:00:47+00:00,plundering crypto keys ultrasecure sgx sends scrambling madtweets,-0.3494938910007477
2020-06-10 11:29:32+00:00,advanced micro devices revenue update equity,0.2420766204595565
2020-06-10 11:19:04+00:00,advanced micro devices wedbush jun equity,0.1222963035106659
2020-06-10 11:19:04+00:00,advanced micro devices revenue update equity,0.1633875072002411
2020-06-10 10:57:03+00:00,advanced micro devices strength appears mark peak downgrading neutral valuation equity,-0.7763755321502686
2020-06-10 10:07:45+00:00,congratulation play us squeeze boom ath,1.005448579788208
2020-06-10 08:47:50+00:00,advanced micro devices expected announce sales billion,0.1421727836132049
2020-06-10 08:29:32+00:00,congratulation play us squeeze boom ath money wallstreet,1.013818383216858
2020-06-10 06:25:57+00:00,tested tech heavy behind break hoping catch early,-0.8117890357971191
2020-06-10 00:00:01+00:00,detected noticeable rise zeitgeist advanced micro devices visit dataswarm information nasdaq dataswarm ref,0.9991440773010254
2020-06-11 22:52:17+00:00,jim keller resigns effective immediately madtweets,0.1397399306297302
2020-06-11 21:04:48+00:00,advanced micro devices ceo,-0.7185487747192383
2020-06-11 19:39:53+00:00,launched monster ryzen laptop madtweets,-0.0564055666327476
2020-06-11 19:39:47+00:00,ryzen renoir desktop processors cpuz ddr ram smiles camera madtweets st,0.4567278325557709
2020-06-11 19:25:14+00:00,ready takeoff technews techstocks microchip,0.5789246559143066
2020-06-11 16:53:32+00:00,ryzen renoir desktop processors cpuz ddr ram smiles camera madtweets,0.8639129400253296
2020-06-11 16:52:04+00:00,launched monster ryzen laptop madtweets,-0.071389265358448
2020-06-11 14:18:30+00:00,goodmorning,0.8942575454711914
2020-06-11 14:16:08+00:00,goodmorning,0.6436651945114136
2020-06-11 13:46:08+00:00,open interest update optionsflow,0.434631735086441
2020-06-11 13:04:59+00:00,horizon zero dawn pc edition reportedly ryzen cpus soon madtweets,0.6486378908157349
2020-06-11 12:51:23+00:00,big bets placed updated madtweets,0.0563373900949955
2020-06-11 10:46:32+00:00,advanced micro devices understanding cloud compute growth dynamics screaming pierre ferragu equity,0.9308427572250366
2020-06-13 20:18:58+00:00,major test close failed test held every close,-1.0904189348220823
2020-06-13 13:18:29+00:00,latest leak reveals hardware madtweets,0.1090146303176879
2020-06-14 16:18:57+00:00,tripletop shootingstar supply zone pain fintwit sorry noise messing anchored vwaps red relevant zones disclosure,-1.0145039558410645
2020-06-14 13:56:05+00:00,half drivers fair value,0.9446179866790771
2020-06-14 13:28:06+00:00,half drivers fair value,0.9443016052246094
2020-06-15 21:59:14+00:00,expect upside advanced micro devices etfs dividends equities financial,1.0031083822250366
2020-06-15 21:19:32+00:00,advanced micro devices firing cylinders launch madtweets cnbc,0.5205776691436768
2020-06-15 20:09:22+00:00,advanced micro devices firing cylinders launch madtweets cnbc,0.1583917289972305
2020-06-15 19:46:32+00:00,nomura stick rating advanced micro devices madtweets cnbc,0.9557178020477296
2020-06-15 14:03:33+00:00,caught took profit supply separate mins spx spy es,0.968906044960022
2020-06-15 14:00:33+00:00,advanced micro devices hardware china korea forging tech ties equity,0.0576550439000129
2020-06-15 13:22:11+00:00,nvidia gpus usher golden age madtweets,0.9501861333847046
2020-06-15 11:34:33+00:00,advanced micro devices wedbush jun equity,0.1165175065398216
2020-06-15 11:13:36+00:00,advanced micro devices ahead life sciences equity,0.0988410264253616
2020-06-15 07:14:03+00:00,around million premiums premium ratio huge order million bullish long term stockstowatch,0.967435359954834
2020-06-15 04:21:32+00:00,advanced micro devices hardware china korea forging tech ties equity,0.0576550439000129
2020-06-15 02:50:01+00:00,detected noticeable rise zeitgeist advanced micro devices visit dataswarm information nasdaq dataswarm ref,0.999026894569397
2020-06-16 20:08:32+00:00,half drivers fair value madtweets,0.9417084455490112
2020-06-16 16:57:03+00:00,chip designer resigns personal reasons edge madtweets,0.1279172301292419
2020-06-16 16:52:13+00:00,announces ryzen processors worldwide availability motherboards madtweets,-0.0134638994932174
2020-06-16 16:48:00+00:00,faster ryzen cpus rumoured announcement madtweets,0.16603884100914
2020-06-16 13:55:58+00:00,madtweets inch macbook pro gpu faster,0.3857119083404541
2020-06-16 13:28:36+00:00,advanced micro devices target raised morgan stanley,0.8860368728637695
2020-06-16 13:22:28+00:00,aims pro mac gpu computerworld madtweets,0.1042563170194625
2020-06-16 13:19:51+00:00,madtweets inch macbook pro gpu faster,0.3917096555233001
2020-06-16 03:30:43+00:00,around stockstowatch,0.97763991355896
2020-06-16 03:25:08+00:00,consistently premiums expiration dates premium ratio million spent million spent flow highly bullish,0.9697446823120116
2020-06-17 22:21:20+00:00,advanced micro devices evp,-0.7464762926101685
2020-06-17 20:20:49+00:00,continues resistance bounces swings downside favoured swing,-0.8965234756469727
2020-06-17 19:47:24+00:00,confirms vermeer zen delayed launch madtweets,-0.1588690280914306
2020-06-17 19:39:55+00:00,confirms vermeer zen delayed launch madtweets,-0.1106912791728973
2020-06-17 12:24:32+00:00,zen delayed nope madtweets,-0.5644272565841675
2020-06-17 12:22:16+00:00,nvidia gpus usher golden age madtweets,0.9816579818725586
2020-06-17 12:22:11+00:00,latest leak reveals hardware madtweets,0.1368040889501571
2020-06-17 12:22:07+00:00,half drivers fair value madtweets,0.9359506368637084
2020-06-17 12:21:33+00:00,chip designer resigns personal reasons edge madtweets,0.258048266172409
2020-06-17 12:14:54+00:00,star analyst bullish roadmap madtweets,0.9583477973937988
2020-06-18 23:31:16+00:00,flow update advanced micro devices optionsflow,-0.8124508857727051
2020-06-18 18:59:18+00:00,laptop ryzen spotted bad news madtweets,-1.0426716804504397
2020-06-18 17:18:37+00:00,laggard push pig challenge done swing pigs dammit congr,-0.2701742947101593
2020-06-18 16:25:36+00:00,laptop ryzen spotted bad news madtweets,-1.0518132448196411
2020-06-18 13:39:01+00:00,open interest update optionsflow,0.434631735086441
2020-06-18 01:35:02+00:00,detected noticeable rise zeitgeist advanced micro devices visit dataswarm information nasdaq dataswarm ref,0.9991657733917236
2020-06-18 01:18:54+00:00,flow update advanced micro devices optionsflow,0.3105458319187164
2020-06-18 01:01:03+00:00,advanced micro devices valens credit insights valens credit research highlighted ideas bldr uhs provided recent analyses mck skt rig equity,0.3945075273513794
2020-06-18 00:55:38+00:00,members opening live stream futurestrading,0.9639898538589478
2020-06-19 19:29:39+00:00,picks nomuro madtweets,0.9574867486953736
2020-06-19 19:23:00+00:00,cloud instances cloud instances madtweets,0.4114884734153747
2020-06-19 15:18:06+00:00,sweet jzzzzz chartporn books head ass,0.9847036600112916
2020-06-19 14:04:52+00:00,date ticker exp spot contracts premium,0.0446903184056282
2020-06-19 12:38:52+00:00,ibd chip leader advanced micro devices rebounds failed breakout madtweets,-1.032247543334961
2020-06-19 12:27:46+00:00,picks nomuro madtweets,0.9505215883255004
2020-06-19 12:26:12+00:00,console boost madtweets,0.9297462701797484
2020-06-19 02:58:58+00:00,detected noticeable fall zeitgeist advanced micro devices visit,-0.3663173019886017
2020-06-19 02:25:01+00:00,detected noticeable fall zeitgeist advanced micro devices visit dataswarm information nasdaq dataswarm ref,-0.9381972551345824
2020-06-20 20:13:55+00:00,resolution hopefully positive news releases ov,0.9498544931411744
2020-06-20 18:39:18+00:00,resolution hopefully positive news releases overall strength semiconductor,0.9569731950759888
2020-06-20 02:15:02+00:00,detected noticeable rise zeitgeist advanced micro devices visit dataswarm information nasdaq dataswarm ref,0.9990336894989014
2020-06-21 15:27:03+00:00,advanced micro devices past break regions passes levels,0.5372902154922485
2020-06-21 15:13:31+00:00,advanced micro devices past break regions passes levels failing area regions medium term swing opportunity swingtrade usa nyse nasdaq mfstocks,0.9704890251159668
2020-06-22 22:58:00+00:00,advanced micro devices research analysts recent ratings changes,0.1028686910867691
2020-06-22 19:29:02+00:00,vxrail things madtweets,0.0768840312957763
2020-06-22 19:26:06+00:00,epyc processor adoption expands supercomputing cloud computing advanced micro devices madtweets,0.7100967168807983
2020-06-22 16:53:07+00:00,easy gain ill bit longer fee commissions avg quick payoff,0.9864304065704346
2020-06-22 16:41:19+00:00,liftoff,0.038114458322525
2020-06-22 12:04:12+00:00,xbox series socs power project xcloud servers madtweets,0.9956880807876588
2020-06-22 11:42:07+00:00,advanced micro devices wedbush jun equity,0.1272771060466766
2020-06-22 11:24:32+00:00,advanced micro devices advisor china tech update discussion around china semi industry equity,0.1466280668973922
2020-06-22 00:44:02+00:00,changed levels long hourly lo,-1.0374420881271362
2020-06-23 22:15:01+00:00,excellent technical analysis score ta score categories score excellent moving average score excellent score neutral,0.9600024223327636
2020-06-23 20:11:01+00:00,range bound long let us comments view,-0.091901771724224
2020-06-23 19:40:51+00:00,break madtweets,0.3340367376804352
2020-06-23 19:17:51+00:00,break madtweets,0.2590753436088562
2020-06-23 18:23:08+00:00,company profile fundamental technical analysis score update fa score ta score,0.0444219596683979
2020-06-23 15:50:25+00:00,date ticker exp spot contracts premium,0.0382547006011009
2020-06-23 13:55:45+00:00,flow update advanced micro devices optionsflow,0.3134611248970032
2020-06-23 13:14:33+00:00,advanced micro devices vermilion compass equity strategy coiled spring view remains bullish long zone suggest dips additionally equity,0.9767485857009888
2020-06-24 20:25:24+00:00,supermicro goethe university frankfurt deliver computing solution covid physics research madtweets,0.4776378273963928
2020-06-24 18:48:51+00:00,lot bullish breakout nasdaq green,0.9710553884506226
2020-06-24 17:32:56+00:00,large stockstobuy,0.9864845275878906
2020-06-24 14:29:33+00:00,flow update advanced micro devices optionsflow,0.4192720949649811
2020-06-24 12:42:47+00:00,rally economy finance,0.8808079957962036
2020-06-24 12:30:22+00:00,rally economy finance,0.8936687707901001
2020-06-24 11:03:33+00:00,drying consolidates big around,0.5915830135345459
2020-06-25 17:42:03+00:00,company profile fundamental technical analysis score update fa score ta score,0.0444219596683979
2020-06-25 17:09:11+00:00,advanced micro devices open interest update optionsflow uoa,0.5996503829956055
2020-06-25 16:48:21+00:00,amazing sellers destroyed purchased,0.952871561050415
2020-06-25 13:50:06+00:00,date ticker exp spot contracts premium,0.0414174161851406
2020-06-25 04:08:28+00:00,jun bought cents chances higher,-0.9850094318389891
2020-06-25 01:21:01+00:00,update heavy breaks value bounce spot fintwit,0.9094210863113404
2020-06-26 21:01:40+00:00,staying despite economy madtweets,-0.2310397922992706
2020-06-26 20:32:54+00:00,energy efficiency milestone important emerging cloud madtweets,0.6327481269836426
2020-06-26 16:24:23+00:00,micro center knocks ryzen tweaktown madtweets,-0.8113800287246704
2020-06-26 13:59:36+00:00,rally madtweets,0.8946278095245361
2020-06-26 13:57:40+00:00,nvidia confirms powered supercomputer part exaflops giant madtweets,0.0133049376308918
2020-06-26 13:56:20+00:00,delivers major efficiency milestone madtweets,0.3519466817378998
2020-06-26 13:55:22+00:00,chipmaker chips become efficient madtweets,0.9759193658828736
2020-06-26 13:54:20+00:00,thinkpad ryzen arrived faster madtweets,0.7352147102355957
2020-06-26 13:52:44+00:00,micro center knocks ryzen tweaktown madtweets,-0.9943073987960817
2020-06-26 12:09:55+00:00,succeeds goal renoir crosses line madtweets,0.9683572053909302
2020-06-27 12:20:26+00:00,hpc solutions enabling success laying foundation future hpc innovations madtweets,0.965396761894226
2020-06-27 01:36:10+00:00,power open interest update optionsflow uoa,0.5351289510726929
2020-06-28 22:57:30+00:00,lenovo flex review ryzen lenovo review madtweets,-0.0722027122974395
2020-06-28 18:59:31+00:00,ryzen big european hardware awards madtweets,0.686170220375061
2020-06-29 23:00:51+00:00,lenovo drops tiny thinkcentre mini desktop iot industrial applications madtweets cnbc,-0.4943470060825348
2020-06-29 22:20:58+00:00,click view break pretty rally continuation upside fintwit,0.9808940887451172
2020-06-29 21:34:11+00:00,bullish structure rectangle cup handle hammer futures bullish bearish oil wti,0.8345514535903931
2020-06-29 20:50:46+00:00,arm macs rising endless struggles madtweets cnbc,-0.5579468011856079
2020-06-29 19:57:33+00:00,ryzen vermeer cpus almost ready launch madtweets cnbc,0.7023597955703735
2020-06-29 18:37:27+00:00,advanced micro devices break madtweets,0.4862001240253448
2020-06-29 15:34:41+00:00,company profile fundamental technical analysis score update fa score ta score,0.0444219596683979
2020-06-29 15:31:36+00:00,advanced micro devices open interest update optionsflow uoa,0.5996503829956055
2020-06-29 04:22:06+00:00,advanced micro devices ahead life sciences equity,0.0988410264253616
2020-06-29 04:22:02+00:00,advanced micro devices hardware armed equity,0.9473922252655028
2020-06-30 18:49:10+00:00,pop moving average caught st,0.9835630655288696
2020-06-30 18:21:49+00:00,big guys bailing madtweets cnbc,-0.5376592874526978
2020-06-30 15:51:57+00:00,advanced micro devices neutral fundamental analysis score fa score various fa value score roe roa roic gross margin ebitda etc,0.159037634730339
2020-06-30 14:23:16+00:00,supply zone spx spy futures fintwit,-0.0151334181427955
2020-06-30 14:21:14+00:00,lenovo flex review ryzen lenovo review,-0.0514954514801502
2020-06-30 14:20:23+00:00,arm macs rising endless struggles madt,-0.2786448001861572
2020-06-30 14:20:08+00:00,lenovo drops tiny thinkcentre mini desktop iot industrial applications,-0.2618109881877899
2020-06-30 12:37:56+00:00,big guys bailing madtweets cnbc,-0.7503664493560791
2020-06-30 04:25:02+00:00,detected noticeable rise zeitgeist advanced micro devices visit dataswarm information nasdaq dataswarm ref,0.9988725185394288
2020-07-01 17:40:50+00:00,advanced micro devices excellent technical analysis score ta score categories score excellent moving average score excellent score,0.972547173500061
2020-07-01 16:16:25+00:00,rocm aomp compiler enables openmp default preps upstreaming madtweets cnbc,0.8820425271987915
2020-07-01 15:41:27+00:00,advanced micro devices preview fundamentals boost simos outlook,0.6952086687088013
2020-07-01 15:40:49+00:00,readies radeon rx graphics card bundle include godfall world warcraft shadowlands,0.1141862720251083
2020-07-01 15:30:58+00:00,shows faint signs life dominates retail cpu sales extremetech madtweets cnbc,-0.3400950133800506
2020-07-01 15:28:53+00:00,readies radeon rx graphics card bundle include godfall world warcraft shadowlands madtweets cnbc,0.1045068353414535
2020-07-01 10:27:34+00:00,advanced micro devices preview fundamentals boost simos outlook equity,0.7906776666641235
2020-07-01 09:57:46+00:00,saw weekend update,0.0368831865489482
2020-07-02 23:18:19+00:00,view presented hour weekend update members shows,0.0199432261288166
2020-07-02 20:18:32+00:00,nvidia rising sales server sector madtweets cnbc,0.9309284687042236
2020-07-02 19:38:40+00:00,open interest update optionsflow uoa,0.5425095558166504
2020-07-02 16:49:11+00:00,neutral fundamental analysis score fa score various fa value score roe roa roic gross margin ebitda etc,0.5415008068084717
2020-07-02 05:18:58+00:00,rejected dragonfly doji stochs crossed bullish close,-0.2684386670589447
2020-07-04 23:01:33+00:00,steam hardware survey news bad news madtweets,-0.1750867813825607
2020-07-04 21:03:55+00:00,steam hardware survey news bad news madtweets,0.0076848194003105
2020-07-04 20:10:07+00:00,tencent unveils mega data center capable housing million servers madtweets cnbc,0.2055386751890182
2020-07-05 20:59:47+00:00,reviewed analysis members till,0.9767186641693116
2020-07-05 16:29:22+00:00,big reasons stick rally madtweets,0.2775797247886657
2020-07-05 00:20:02+00:00,detected noticeable rise zeitgeist advanced micro devices visit dataswarm information nasdaq dataswarm ref,0.9982830286026
2020-07-06 20:34:55+00:00,epyc milan engineering sample spotted wild zen es runs ghz matching epyc rome es speeds madtweets cnbc,0.4939165115356445
2020-07-06 20:31:48+00:00,ryzen renoir apus leaked online listing suggest imminent launch madtweets cnbc,-0.4127503931522369
2020-07-06 16:32:10+00:00,big guys bailing madtweets,-0.6625555753707886
2020-07-06 16:08:16+00:00,downgraded goldman fundamentals competition madtweets cnbc,-1.0132392644882202
2020-07-06 16:04:30+00:00,play upgrade swim load heavy pyramid,0.521204948425293
2020-07-06 15:33:20+00:00,madtweets cnbc,-0.0570624470710754
2020-07-06 15:21:33+00:00,advanced micro devices ahead life sciences equity,0.0988410264253616
2020-07-06 13:27:42+00:00,heading madtweets cnbc tencent,0.1559450626373291
2020-07-06 13:03:51+00:00,big reasons stick rally madtweets,0.1164774373173713
2020-07-06 13:00:22+00:00,big reasons stick rally madtweets,0.2463467121124267
2020-07-06 12:52:55+00:00,server part semiaccurate madtweets,0.6736842393875122
2020-07-06 12:52:49+00:00,epyc milan cpu listed zen madtweets cnbc,0.1700401753187179
2020-07-06 12:52:45+00:00,restarts shipments chinese server vendor nvidia impacted madtweets cnbc,-0.0454809740185737
2020-07-06 12:47:28+00:00,restarts shipments chinese server vendor nvidia impacted madtweets cnbc,0.016062393784523
2020-07-06 12:40:59+00:00,epyc milan cpu listed zen madtweets cnbc,0.1787115037441253
2020-07-06 12:34:38+00:00,server part semiaccurate madtweets,0.7373042106628418
2020-07-06 12:32:10+00:00,ryzen radeon road map beyond nadtweets,-0.0274036526679992
2020-07-07 23:11:03+00:00,ryzen radeon road map beyond madtweets cnbc,-0.04405527561903
2020-07-07 21:04:50+00:00,madtweets cnbc,0.1169077828526496
2020-07-07 20:53:59+00:00,ryzen radeon road map beyond madtweets cnbc,-0.0481254048645496
2020-07-07 17:54:36+00:00,advanced micro devices neutral fundamental analysis score fa score various fa value score roe roa roic gross margin ebitda etc,0.12970532476902
2020-07-07 16:56:34+00:00,downgraded goldman fundamentals madtweets cnbc,-0.9960687160491944
2020-07-07 16:47:05+00:00,ryzen processors available madtweets cnbc,0.1572353392839431
2020-07-07 15:35:13+00:00,raises million rollout network data centers dedicated blockchain economy wire madtweets cnbc,0.1686258763074875
2020-07-07 14:39:45+00:00,ryzen renoir desktop apus launch parts madtweets cnbc,0.1451570987701416
2020-07-07 13:33:10+00:00,entry signal bats asset advanced micro devices direction long timeframe minute pips points gained percentage move subscribe signals nasdaq,0.9458714723587036
2020-07-07 13:26:33+00:00,advanced micro devices poised major move madtweets cnbc,0.6130187511444092
2020-07-07 05:56:04+00:00,casual contracts exchanged open interest prior interesting,0.9739933013916016
2020-07-08 17:34:46+00:00,advanced micro devices neutral fundamental analysis score fa score various fa value score roe roa roic gross margin ebitda etc,-0.1648579537868499
2020-07-08 17:34:08+00:00,advanced micro devices neutral fundamental analysis score fa score various fa value score roe roa roic gross margin ebitda etc,-0.1648579537868499
2020-07-08 16:36:53+00:00,ryzen pro spotted launch madtweets cnbc,0.0534090138971805
2020-07-08 15:14:43+00:00,advanced micro devices rating reiterated bank america,0.2102435529232025
2020-07-08 13:01:35+00:00,ryzen pro teased ram tweaktown madtweets cnbc,0.8933175802230835
2020-07-08 12:48:51+00:00,advanced micro devices presents bank america securities global technology conference transcript madtweets cnbc,0.0417800694704055
2020-07-08 05:32:59+00:00,timeframe thoughts test level need regain poc,0.8245716094970703
2020-07-08 03:20:01+00:00,detected noticeable rise zeitgeist advanced micro devices visit dataswarm information nasdaq dataswarm ref,0.9985767602920532
2020-07-08 00:15:48+00:00,nasdaq semiconductor experience gross margin contraction yea madtweets cnbc,0.1237876415252685
2020-07-09 23:32:25+00:00,flow update advanced micro devices optionsflow,0.7929849624633789
2020-07-09 22:11:06+00:00,pretty convincing breakout quiet level resistance,0.9548200368881226
2020-07-09 21:04:59+00:00,cup handle break target stops breakout,-0.3961654305458069
2020-07-09 20:29:00+00:00,exciting madtweets cnbc,1.0217093229293823
2020-07-09 19:52:41+00:00,hp envy review ryzen cranks value madtweets cnbc,0.7860071659088135
2020-07-09 19:48:35+00:00,big reasons stick rally madtweets cnbc,0.1004222929477691
2020-07-09 19:46:07+00:00,advanced micro devices finally ready break madtweets cnbc,0.0475590899586677
2020-07-09 19:24:32+00:00,forecasting bounce blue box area perfect reaction higher blue box technical,0.974190592765808
2020-07-09 19:14:47+00:00,base numbers key list,0.9611892700195312
2020-07-09 18:46:51+00:00,pop within recent range potential pp resistance levels nasdaq,0.9492969512939452
2020-07-09 18:15:19+00:00,ta feel gridlock,1.0010762214660645
2020-07-09 18:13:03+00:00,ta feel gridlock motorcycle blaze shoulder hit guardrail easy admire speed audacity,0.9802310466766356
2020-07-09 17:48:03+00:00,break opens min risky,-1.06638503074646
2020-07-09 17:09:05+00:00,big reasons stick rally madtweets cnbc,0.2191598862409591
2020-07-09 17:08:54+00:00,long guys till close nasdaq nyse finance money pennystocks livetrading stockstowatch,0.9989728927612304
2020-07-09 17:06:34+00:00,competes well tough environment madtweets cnbc,-0.9434841871261596
2020-07-09 17:02:55+00:00,bull signal flashing give second wind madtweets cnbc,-0.0252237599343061
2020-07-09 17:01:07+00:00,hp envy review ryzen cranks value madtweets cnbc,0.8540078401565552
2020-07-09 16:59:48+00:00,radeon rx spotted dell xps desktop pc madtweets cnbc,0.1178582459688186
2020-07-09 16:54:45+00:00,advanced micro devices neutral fundamental analysis score fa score various fa value score roe roa roic gross margin ebitda etc,0.159037634730339
2020-07-09 16:54:28+00:00,advanced micro devices neutral fundamental analysis score fa score various fa value score roe roa roic gross margin ebitda etc,0.159037634730339
2020-07-09 16:54:13+00:00,advanced micro devices neutral fundamental analysis score fa score various fa value score roe roa roic gross margin ebitda etc,0.159037634730339
2020-07-09 16:53:52+00:00,advanced micro devices neutral fundamental analysis score fa score various fa value score roe roa roic gross margin ebitda etc,0.159037634730339
2020-07-09 16:53:39+00:00,advanced micro devices neutral fundamental analysis score fa score various fa value score roe roa roic gross margin ebitda etc,0.159037634730339
2020-07-09 16:39:54+00:00,flow update advanced micro devices optionsflow,0.7808941602706909
2020-07-09 14:36:39+00:00,advanced micro devices worth madtweets cnbc,0.7731341123580933
2020-07-10 21:59:10+00:00,pc sales surge boosted homebound workers students madtweets cnbc foxbusiness,0.9227721691131592
2020-07-10 21:12:26+00:00,pc shipments grew despite coronavirus madtweets,0.6340280771255493
2020-07-10 19:22:19+00:00,hp envy review madtweets cnbc,0.8973467350006104
2020-07-10 18:14:04+00:00,advanced micro devices neutral fundamental analysis score fa score various fa value score roe roa roic gross margin ebitda etc,0.159037634730339
2020-07-10 16:50:08+00:00,tsmc revenue increases yoy madtweets cnbc,0.9620541334152222
2020-07-10 15:39:34+00:00,tsmc revenue increases yoy madtweets cnbc,0.9709750413894652
2020-07-10 14:27:23+00:00,exciting madtweets cnbc,1.009123921394348
2020-07-10 13:26:26+00:00,star analysts madtweets cnbc,0.2730212211608886
2020-07-10 06:07:26+00:00,eyes careful wrong bcus always careful feeling th,0.7625579833984375
2020-07-10 02:35:01+00:00,detected noticeable rise zeitgeist advanced micro devices visit dataswarm information nasdaq dataswarm ref,0.9995529651641846
2020-07-11 23:58:44+00:00,epyc milan leak early genesis samples listed stepping along configuration clock rates exclusive madtweets cnbc,-0.9538724422454834
2020-07-11 20:46:04+00:00,samsung confirms layoffs cancels custom chip development extremetech madtweets cnbc,-0.1261099874973297
2020-07-11 20:27:35+00:00,ryzen beats cinebench hardware madtweets stockstowatch cnbc,0.0703660622239112
2020-07-11 20:24:59+00:00,zen based epyc milan specifications leak madtweets cnbc datacenter,-0.0956436619162559
2020-07-11 00:46:47+00:00,update bounce low beautiful took finally find overhead resistance,0.9836605787277222
2020-07-11 00:37:20+00:00,advanced micro devices open interest update optionsflow uoa,0.5996503829956055
2020-07-12 23:52:32+00:00,advanced micro devices cusp major breakout madtweets cnbc stockstowatch,0.919297456741333
2020-07-12 23:52:04+00:00,advanced micro devices cusp major breakout madtweets cnbc stockstowatch,0.5563962459564209
2020-07-12 20:20:11+00:00,linux subsystem gpu acceleration nvidia drivers madtweets cnbc,-0.0003186091780662
2020-07-12 20:10:33+00:00,xbox showcase madtweets cnbc,0.3280387818813324
2020-07-12 16:41:06+00:00,delay major server platform semiaccurate madtweets cnbc,0.0664122104644775
2020-07-12 16:34:32+00:00,beat expectations madtweets cnbc,0.7133182287216187
2020-07-12 16:28:32+00:00,traditional pc shipments continue grow amid global economic slowdown according idc madtweets cnbc stockstowatch,-0.8630937337875366
2020-07-12 12:20:30+00:00,ceo zen labs track launch madtweets cnbc,0.980074405670166
2020-07-12 00:19:53+00:00,ryzen beats cinebench hardware madtweets stockst,0.3518677651882171
2020-07-13 20:13:15+00:00,congratulations ending hope enjoying gain updates everyday send email stockstowatch,0.9858781099319458
2020-07-13 19:25:23+00:00,entry signal bats asset advanced micro devices direction timeframe minute pips points gained percentage move subscribe signals nasdaq,0.9469256401062012
2020-07-13 12:29:08+00:00,zen based epyc milan specifications leak madtweets cnbc datacenter,-0.1815847307443618
2020-07-13 12:27:46+00:00,samsung confirms layoffs cancels custom chip development extremetech madtweets cnbc,-0.1262789964675903
2020-07-13 12:24:22+00:00,delay major server platform semiaccurate madtweets cnbc,0.2623883485794067
2020-07-13 12:24:03+00:00,xbox showcase madtweets cnbc,0.3060919642448425
2020-07-13 12:23:57+00:00,linux subsystem gpu acceleration nvidia drivers madtweets cnbc,-0.0321965515613555
2020-07-13 04:35:05+00:00,advanced micro devices hardware tb drives gain traction equity,0.6474039554595947
2020-07-14 22:25:31+00:00,continue flee cnbc,-0.9185277223587036
2020-07-14 22:24:24+00:00,superiority cnbc,-0.0432489849627018
2020-07-14 20:07:22+00:00,superiority,0.0286300033330917
2020-07-14 19:38:54+00:00,companies expecting growth soxx cnbc,0.9002797603607178
2020-07-14 18:55:17+00:00,advanced micro devices neutral fundamental analysis score fa score various fa value score roe roa roic gross margin ebitda etc inve,-0.1349103152751922
2020-07-14 18:42:26+00:00,officially launches professional line lenovo board specs competitive,0.684044361114502
2020-07-14 18:23:44+00:00,advanced micro devices neutral technical analysis score ta score categories score neutral moving average score excellent score neutral,0.9532527923583984
2020-07-14 16:34:10+00:00,target raised product execution madtweets cnbc soxx,0.979944109916687
2020-07-14 14:05:17+00:00,fucked liquidated positions,-1.0443207025527954
2020-07-14 13:52:23+00:00,entry signal bats asset advanced micro devices direction timeframe minute pips points gained percentage move subscribe signals nasdaq,0.9517844915390016
2020-07-14 00:03:05+00:00,flow update advanced micro devices optionsflow,0.3775452971458435
2020-07-15 20:27:02+00:00,advanced micro devices preview conservative guidance limits risk forward concerns remain equity,-0.1890923082828521
2020-07-15 20:00:06+00:00,hammer scan,-0.0051427669823169
2020-07-15 19:12:17+00:00,worth cnbc,0.6602694988250732
2020-07-15 17:06:13+00:00,advanced micro devices neutral fundamental analysis score fa score various fa value score roe roa roic gross margin ebitda etc,0.159037634730339
2020-07-15 16:49:11+00:00,worth cnbc,0.577484130859375
2020-07-15 14:41:55+00:00,advanced micro devices nasdaq target raised cowen madtweets cnbc,0.8335233926773071
2020-07-15 14:38:32+00:00,sony reportedly boosts production percent xbox madtweets cnbc wednesdayw,0.3209991753101349
2020-07-15 14:26:27+00:00,xeon pro lands lenovo thinkstation madtweets cnbc,-1.013457179069519
2020-07-16 22:48:27+00:00,superiority cnbc stockstowatch,-0.0322094187140464
2020-07-16 22:46:18+00:00,moment truth updated cnbc stockstowatch,0.2182819694280624
2020-07-16 12:59:45+00:00,ready takeoff madtweets,0.6700174808502197
2020-07-16 12:56:26+00:00,advanced micro devices outpaces gains cnbc madtweets,0.838947057723999
2020-07-16 12:13:39+00:00,videogame consoles pandemic fueling growth madtweets cnbc,0.4722577929496765
2020-07-16 12:05:49+00:00,videogame consoles pandemic fueling growth madtweets cnbc,0.4051150977611542
2020-07-16 07:41:28+00:00,starting interesting move half asc,0.9656085968017578
